"kode","nama","active","principle_kode","food","jenis","satuan","perunit","nama_unit","harga_beli","harga_jual","brand_kode","brand_nama","subbrand_kode","subbrand_nama","kategori_lama","kode_ean","master_kode"
"81400020","BD MEDIUM COMPOUND POMADE JAR 120G","1","816","NON FOOD","GOOD","PC","12.0000","CT","71102.4900","87207.2100","816","PT AKASHA WIRA INTERNATIONAL","","","","","81400020"
"81400030","BD 2IN1 HAIR TONIC BOTTLE 140ML","1","816","NON FOOD","GOOD","PC","24.0000","CT","43631.0800","53027.0000","816","PT AKASHA WIRA INTERNATIONAL","","","","","81400030"
"81400040","BD STRONG COMPOUND POMADE JAR 120G","1","816","NON FOOD","GOOD","PC","12.0000","CT","71102.4900","87207.2100","816","PT AKASHA WIRA INTERNATIONAL","","","","","81400040"
"81400050","BD WET LOOK STYLING GEL JAR 120G","1","816","NON FOOD","GOOD","PC","12.0000","CT","42015.1100","51531.5300","816","PT AKASHA WIRA INTERNATIONAL","","","","","81400050"
"81400080","BD STYLING GEL WET LOOK TUBE 200ML","1","816","NON FOOD","GOOD","PC","24.0000","CT","58982.7500","72342.3400","816","PT AKASHA WIRA INTERNATIONAL","","","","","81400080"
"81400090","BD ACNE CARE&OIL CONTROL FACE WASH TUBE 100ML","1","816","NON FOOD","GOOD","PC","24.0000","CT","22946.7100","28144.1400","816","PT AKASHA WIRA INTERNATIONAL","","","","","81400090"
"81400140","BD BRIGHT RADIANCE FACE WASH TUBE 100ML","1","816","NON FOOD","GOOD","PC","24.0000","CT","22946.7100","28144.1400","816","PT AKASHA WIRA INTERNATIONAL","","","","","81400140"
"81610231","ADVISOR HAIR REPAIR MASK TUBE 45MLX8 NEW","1","816","NON FOOD","GOOD","PC","24.0000","CT","89928.4900","109297.3000","816","PT AKASHA WIRA INTERNATIONAL","","","","","81610231"
"81610291","ADVISOR HAIR REPAIR MASK 15MLX12 NEW","1","816","NON FOOD","GOOD","PC","12.0000","CT","46701.4100","57279.2800","816","PT AKASHA WIRA INTERNATIONAL","","","","","81610291"
"81610420","ADVISOR HAIR RECOVERY VITAMAX 8MLX3","1","816","NON FOOD","GOOD","PC","24.0000","CT","20845.9600","25567.5700","816","PT AKASHA WIRA INTERNATIONAL","","","","","81610420"
"81610421","ADVISOR HAIR RECOVERY VITAMAX 8MLX3","1","816","NON FOOD","GOOD","PC","24.0000","CT","20845.9600","25567.5700","816","PT AKASHA WIRA INTERNATIONAL","","","","","81610421"
"81610430","ADVISOR HAIR RECOVERY VITAMAX 8MLX8","1","816","NON FOOD","GOOD","PC","24.0000","CT","49690.9500","60391.8900","816","PT AKASHA WIRA INTERNATIONAL","","","","","81610430"
"81610431","ADVISOR HARI RECOVERY VITAMAX 8MLX8","1","816","NON FOOD","GOOD","PC","24.0000","CT","49690.9500","60391.8900","816","PT AKASHA WIRA INTERNATIONAL","","","","","81610431"
"81610630","ADVISOR VITAMAX 50ML","1","816","NON FOOD","GOOD","PC","24.0000","CT","34985.6600","43243.2400","816","PT AKASHA WIRA INTERNATIONAL","","","","","81610630"
"81610740","ADVISOR A FRIZZ & DCARE SPRAY 240ML","1","816","NON FOOD","GOOD","PC","24.0000","CT","61487.5000","75414.4100","816","PT AKASHA WIRA INTERNATIONAL","","","","","81610740"
"81610750","ADVISOR A FRIZZ & DCARE SPRAY 70ML","1","816","NON FOOD","GOOD","PC","24.0000","CT","24643.4800","30225.2300","816","PT AKASHA WIRA INTERNATIONAL","","","","","81610750"
"81610940","ADVISOR HARI & SCALP TONIC 240ML","1","816","NON FOOD","GOOD","PC","24.0000","CT","60679.5100","74423.4200","816","PT AKASHA WIRA INTERNATIONAL","","","","","81610940"
"81610950","ADVISOR HAIR & SCALP TONIC 145ML","1","816","NON FOOD","GOOD","PC","24.0000","CT","60679.5100","50441.4400","816","PT AKASHA WIRA INTERNATIONAL","","","","","81610950"
"81610951","ADVISOR HAIR & SCALP TONIC 145ML","1","816","NON FOOD","GOOD","PC","24.0000","CT","41126.3300","50441.4400","816","PT AKASHA WIRA INTERNATIONAL","","","","","81610951"
"81610970","MAKARIZO VG HAIR SERUM REVITALIZING CARE 8ML","1","816","NON FOOD","GOOD","PC","48.0000","CT","9857.3900","12090.0900","816","PT AKASHA WIRA INTERNATIONAL","","","","","81610970"
"81610980","ADVISOR ANTI HARI FALL DH & ST 65ML","1","816","NON FOOD","GOOD","PC","24.0000","CT","20765.1600","25468.4700","816","PT AKASHA WIRA INTERNATIONAL","","","","","81610980"
"81610990","ADVISOR DUAL DEFENSE SHAMPOO BTL 200ML","1","816","NON FOOD","GOOD","PC","24.0000","CT","60598.7200","74324.4200","816","PT AKASHA WIRA INTERNATIONAL","","","","","81610990"
"81620620","HE SH FREGRANCE OCEAN BREEZE SPRAY BOTTLE 30ML","1","816","NON FOOD","GOOD","PC","24.0000","CT","8645.4200","10603.6000","816","PT AKASHA WIRA INTERNATIONAL","","","","","81620620"
"81620640","HE SH FRAGRANCE OCEAN BREEZE 100ML","1","816","NON FOOD","GOOD","PC","24.0000","CT","19229.9900","23585.5900","816","PT AKASHA WIRA INTERNATIONAL","","","","","81620640"
"81620650","HE SH FRAGRANCE MORNING DEW SPRAY BOTTLE 30ML","1","816","NON FOOD","GOOD","PC","24.0000","CT","8645.4200","10603.6000","816","PT AKASHA WIRA INTERNATIONAL","","","","","81620650"
"81620670","HE SH FRAGRANCE MORNING DEW 100ML","1","816","NON FOOD","GOOD","PC","24.0000","CT","19229.9900","23585.5900","816","PT AKASHA WIRA INTERNATIONAL","","","","","81620670"
"81620680","HE SH FRAGRANCE FRESH BOUQUET SPRAY BOTTLE 30ML","1","816","FOOD","GOOD","PC","24.0000","CT","8645.4200","10603.6000","816","PT AKASHA WIRA INTERNATIONAL","","","","","81620680"
"81620700","HE SH FRAGRANCE FRESH BOUQUET 100ML","1","816","NON FOOD","GOOD","PC","24.0000","CT","19229.9900","23585.5900","816","PT AKASHA WIRA INTERNATIONAL","","","","","81620700"
"81620710","HE SH FRAGRANCE CHERRY BLOSSOM SPRAY BOTTLE 30ML","1","816","FOOD","GOOD","PC","24.0000","CT","8645.4200","10603.6000","816","PT AKASHA WIRA INTERNATIONAL","","","","","81620710"
"81620710_BD","HE SH FRAGRANCE CHERRY BLOSSOM SPRAY BOTTLE 30ML","1","816","FOOD","BAD","PC","24.0000","CT","8645.4200","10603.6000","816","PT AKASHA WIRA INTERNATIONAL","","","","","81620710"
"81620730","HE SH FRAGRANCE CHERRY BLOSSOM 100ML","1","816","NON FOOD","GOOD","PC","24.0000","CT","19229.9900","23585.5900","816","PT AKASHA WIRA INTERNATIONAL","","","","","81620730"
"81620741","HE FC SHAMPOO ROYAL JELLY SACHET 9ML","1","816","NON FOOD","GOOD","PC","240.0000","CT","646.3900","792.7900","816","PT AKASHA WIRA INTERNATIONAL","","","","","81620741"
"81620741_BD","HE FC SHAMPOO ROYAL JELLY SACHET 9ML","1","816","NON FOOD","BAD","PC","240.0000","CT","646.3900","792.7900","816","PT AKASHA WIRA INTERNATIONAL","","","","","81620741"
"81620801","HE FC SHAMPOO ALOE&MELON SACHET 9ML","1","816","NON FOOD","GOOD","PC","240.0000","CT","646.3900","792.7900","816","PT AKASHA WIRA INTERNATIONAL","","","","","81620801"
"81620801_BD","HE FC SHAMPOO ALOE&MELON SACHET 9ML","1","816","NON FOOD","BAD","PC","240.0000","CT","646.3900","792.7900","816","PT AKASHA WIRA INTERNATIONAL","","","","","81620801"
"81620860","HE FH & SC CREAMBATH ROYAL JELLY 30ML","1","816","FOOD","GOOD","PC","144.0000","CT","5332.6900","6540.5400","816","PT AKASHA WIRA INTERNATIONAL","","","","","81620860"
"81620870","HE FH & SC CREAMBATH ROYAL JELLY 60ML","1","816","NON FOOD","GOOD","PC","144.0000","CT","10180.5800","12486.4900","816","PT AKASHA WIRA INTERNATIONAL","","","","","81620870"
"81620890","HE FH & SC CREAMBATH OLIVE 30ML","1","816","FOOD","GOOD","PC","144.0000","CT","5332.6900","6540.5400","816","PT AKASHA WIRA INTERNATIONAL","","","","","81620890"
"81620900","HE FH & SC CREAMBATH OLIVE 60ML","1","816","NON FOOD","GOOD","PC","144.0000","CT","10180.5800","12486.4900","816","PT AKASHA WIRA INTERNATIONAL","","","","","81620900"
"81620920","HE FH & SC CREAMBATH KIWI 30ML","1","816","FOOD","GOOD","PC","144.0000","CT","5332.6900","6540.5400","816","PT AKASHA WIRA INTERNATIONAL","","","","","81620920"
"81620930","HE FH & SC CREAMBATH KIWI 60ML","1","816","NON FOOD","GOOD","PC","144.0000","CT","10180.5800","12486.4900","816","PT AKASHA WIRA INTERNATIONAL","","","","","81620930"
"81620950","HE FH & SC CREAMBATH ALOE & MELON 30ML","1","816","NON FOOD","GOOD","PC","144.0000","CT","5332.6900","6540.5400","816","PT AKASHA WIRA INTERNATIONAL","","","","","81620950"
"81620960","HE FH & SC CREAMBATH ALOE & MELON 60ML","1","816","FOOD","GOOD","PC","144.0000","CT","10180.5800","12486.4900","816","PT AKASHA WIRA INTERNATIONAL","","","","","81620960"
"81621090","HE SH FRAGRANCE WHITE MUSK 100ML","1","816","NON FOOD","GOOD","PC","24.0000","CT","19229.9900","23585.5900","816","PT AKASHA WIRA INTERNATIONAL","","","","","81621090"
"81621100","HE SH FRAGANCE BLUE COAST 100ML","1","816","NON FOOD","GOOD","PC","24.0000","CT","19229.9900","23585.5900","816","PT AKASHA WIRA INTERNATIONAL","","","","","81621100"
"81621141","HE FC SHAMPOO ALOE & MELON BOTTLE 170ML NBEW","1","816","NON FOOD","GOOD","PC","12.0000","CT","16886.8400","20711.7100","816","PT AKASHA WIRA INTERNATIONAL","","","","","81621141"
"81621151","HE FC SHAMPOO KIWI BOTTLE 170ML NEW","1","816","NON FOOD","GOOD","PC","12.0000","CT","16886.8400","20711.7100","816","PT AKASHA WIRA INTERNATIONAL","","","","","81621151"
"81621161","HE FC SHAMPOO ROYAL JELLY 170ML NEW","1","816","NON FOOD","GOOD","PC","12.0000","CT","16886.8400","20711.7100","816","PT AKASHA WIRA INTERNATIONAL","","","","","81621161"
"81621171","HE FC SHAMPOO OLIVE BOTTLE 170ML NBEW","1","816","NON FOOD","GOOD","PC","12.0000","CT","16886.8400","20711.7100","816","PT AKASHA WIRA INTERNATIONAL","","","","","81621171"
"81621181","HE FC SHAMPOO ALOE & MELON BOTTLE 330ML NBEW","1","816","NON FOOD","GOOD","PC","12.0000","CT","29895.3700","36666.6700","816","PT AKASHA WIRA INTERNATIONAL","","","","","81621181"
"81621191","HE FC SHAMPOO KIWI BOTTLE 330ML NEW","1","816","NON FOOD","GOOD","PC","12.0000","CT","29895.3700","36666.6700","816","PT AKASHA WIRA INTERNATIONAL","","","","","81621191"
"81621201","HE FC SHAMPOO ROYAL JELLY 330ML NEW","1","816","NON FOOD","GOOD","PC","12.0000","CT","29895.3700","36666.6700","816","PT AKASHA WIRA INTERNATIONAL","","","","","81621201"
"81621211","HE FC SHAMPOO OLIVE BOTTLE 330ML NBEW","1","816","NON FOOD","GOOD","PC","12.0000","CT","29895.3700","36666.6700","816","PT AKASHA WIRA INTERNATIONAL","","","","","81621211"
"81621280","HE FH & SC CREAMBATH KIWI 500ML","1","816","NON FOOD","GOOD","PC","12.0000","CT","61972.2900","76009.0100","816","PT AKASHA WIRA INTERNATIONAL","","","","","81621280"
"81621290","HE FH & SC CREAMBATH ALOE & MELON 500ML","1","816","NON FOOD","GOOD","PC","12.0000","CT","61972.2900","76009.0100","816","PT AKASHA WIRA INTERNATIONAL","","","","","81621290"
"81621300","HE FH & SC CREAMBATH OLIVE 500ML","1","816","NON FOOD","GOOD","PC","12.0000","CT","61972.2900","76009.0100","816","PT AKASHA WIRA INTERNATIONAL","","","","","81621300"
"81621310","HE FH & SC CREAMBATH ROYAL JELLY 500ML","1","816","NON FOOD","GOOD","PC","12.0000","CT","61972.2900","76009.0100","816","PT AKASHA WIRA INTERNATIONAL","","","","","81621310"
"81621340","HE ES DIY 2 SPH STRAIGHTENING KIT MILD 80MLX2","1","816","NON FOOD","GOOD","PC","12.0000","CT","16886.8400","20711.7100","816","PT AKASHA WIRA INTERNATIONAL","","","","","81621340"
"81621360","HE ES DIY 2SPH STRAIGHTENING KIT STRONG 120MLX2","1","816","NON FOOD","GOOD","PC","12.0000","CT","25370.6600","31117.1200","816","PT AKASHA WIRA INTERNATIONAL","","","","","81621360"
"81621370","HE ES DIY 2 SPH STRAIGHTENING KIT MEDIUM 120MLX2","1","816","NON FOOD","GOOD","PC","12.0000","CT","25370.6600","31117.1200","816","PT AKASHA WIRA INTERNATIONAL","","","","","81621370"
"81621380","HE ES DIY 2 SPH STRAIGHTENING KIT MILD 120MLX2","1","816","NON FOOD","GOOD","PC","12.0000","CT","25370.6600","31117.1200","816","PT AKASHA WIRA INTERNATIONAL","","","","","81621380"
"81621390","HE ES DIY 2 SPH STRAIGHTENING KIT STRONG 80MLX2","1","816","NON FOOD","GOOD","PC","12.0000","CT","16886.8400","20711.7100","816","PT AKASHA WIRA INTERNATIONAL","","","","","81621390"
"81621400","HE ES DIY 2 SPH STRAIGHTENING KIT MEDIUM 80MLX2","1","816","NON FOOD","GOOD","PC","12.0000","CT","16886.8400","20711.7100","816","PT AKASHA WIRA INTERNATIONAL","","","","","81621400"
"81621530","HE FH & SC CREAMBATH GINSENG EXTRACT 500ML","1","816","NON FOOD","GOOD","PC","12.0000","CT","61972.2900","76009.0100","816","PT AKASHA WIRA INTERNATIONAL","","","","","81621530"
"81621590","HE FH & SC CREAMBATH GINSENG EXTRACT 30ML","1","816","FOOD","GOOD","PC","144.0000","CT","5332.6900","6540.5400","816","PT AKASHA WIRA INTERNATIONAL","","","","","81621590"
"81621730","HE SH FRAGRANCE WHITE MUSK 60ML","1","816","NON FOOD","GOOD","PC","48.0000","CT","10100.0000","11261.2600","816","PT AKASHA WIRA INTERNATIONAL","","","","","81621730"
"81621750","HE SH FRAGRANCE AMBER WOOD 100ML","1","816","NON FOOD","GOOD","PC","24.0000","CT","19229.9900","23585.5900","816","PT AKASHA WIRA INTERNATIONAL","","","","","81621750"
"81621770","HE FH & SC CREAMBATH ROYAL JELLY EXTRACT 200ML","1","816","NON FOOD","GOOD","PC","24.0000","CT","29733.7700","36468.4700","816","PT AKASHA WIRA INTERNATIONAL","","","","","81621770"
"81621780","HE FH & SC CREAMBATH ALOE & MELON 200ML","1","816","FOOD","GOOD","PC","24.0000","CT","29733.7700","36468.4700","816","PT AKASHA WIRA INTERNATIONAL","","","","","81621780"
"81621790","HE SC FRAGRANCE EMERALD CRUSH 100ML","1","816","NON FOOD","GOOD","PC","24.0000","CT","19229.9900","23585.5900","816","PT AKASHA WIRA INTERNATIONAL","","","","","81621790"
"81621800","MAKARIZO VG HAIR SERUM ALOE MELON 6X1ML","1","816","NON FOOD","GOOD","PC","144.0000","CT","8564.6200","10504.5000","816","PT AKASHA WIRA INTERNATIONAL","","","","","81621800"
"81621810","MAKARIZO VG HAIR SERUM ROYAL JELLY 6X1ML","1","816","NON FOOD","GOOD","PC","144.0000","CT","8564.6200","10504.5000","816","PT AKASHA WIRA INTERNATIONAL","","","","","81621810"
"81621810_BD","MAKARIZO VG HAIR SERUM ROYAL JELLY 6X1ML","1","816","FOOD","BAD","PC","144.0000","CT","8564.6200","10504.5000","816","PT AKASHA WIRA INTERNATIONAL","","","","","81621810"
"81621820","MAKARIZO VG HAIR SERUM KIWI 6X1ML","1","816","NON FOOD","GOOD","PC","144.0000","CT","8564.6200","10504.5000","816","PT AKASHA WIRA INTERNATIONAL","","","","","81621820"
"81621820_BD","MAKARIZO VG HAIR SERUM KIWI 6X1ML","1","816","FOOD","BAD","PC","144.0000","CT","8564.6200","10504.5000","816","PT AKASHA WIRA INTERNATIONAL","","","","","81621820"
"81621890","BARBER DAILY 4IN1 BOTTLE 220ML","1","816","NON FOOD","GOOD","PC","24.0000","CT","22219.5300","27252.2500","816","PT AKASHA WIRA INTERNATIONAL","","","","","81621890"
"81621930","HE FC SHAMPOO CITRUS TEA (ANTI KETOMBE) 9ML","1","816","NON FOOD","GOOD","PC","240.0000","CT","646.3900","792.7900","816","PT AKASHA WIRA INTERNATIONAL","","","","","81621930"
"81621930_BD","HE FC SHAMPOO CITRUS TEA (ANTI KETOMBE) 9ML","1","816","NON FOOD","BAD","PC","240.0000","CT","646.3900","792.7900","816","PT AKASHA WIRA INTERNATIONAL","","","","","81621930"
"81621940","HE FC SHAMPOO CITRUSTEA ANTIKETOMBE BTL 170ML NBEW","1","816","NON FOOD","GOOD","PC","12.0000","CT","16886.8400","20711.7100","816","PT AKASHA WIRA INTERNATIONAL","","","","","81621940"
"81621950","SKIN E HAND CREAM MACADAMIA TUBE 30ML","1","816","NON FOOD","GOOD","PC","96.0000","CT","13332.0000","16351.3500","816","PT AKASHA WIRA INTERNATIONAL","","","","","81621950"
"81621960","MAKARIZO VG HAIR SERUM ROYAL JELLY 20X1ML","1","816","NON FOOD","GOOD","PC","24.0000","CT","18260.4100","22396.4000","816","PT AKASHA WIRA INTERNATIONAL","","","","","81621960"
"81622090","HE SH PERFUME IT'S LITCHI TEA TIME BTL 100ML","1","816","NON FOOD","GOOD","PC","24.0000","CT","27067.0000","32896.2000","816","PT AKASHA WIRA INTERNATIONAL","","","","","81622090"
"81622100","HE SH PERFUME INTO THE WILD GRASS BTL 100ML","1","816","NON FOOD","GOOD","PC","24.0000","CT","27067.0000","32896.2000","816","PT AKASHA WIRA INTERNATIONAL","","","","","81622100"
"81622110","HE SH PERFUME UNDER THE ORANGE TREE BTL 100ML","1","816","NON FOOD","GOOD","PC","24.0000","CT","27067.0000","32896.2000","816","PT AKASHA WIRA INTERNATIONAL","","","","","81622110"
"81622120","HE SH PERFUME THE TASTE OF CHOCOLATE BTL 100ML","1","816","NON FOOD","GOOD","PC","24.0000","CT","27067.0000","32896.2000","816","PT AKASHA WIRA INTERNATIONAL","","","","","81622120"
"81640012","REBONDING SHS CURLY HAIR 120ML-KIT","1","816","NON FOOD","GOOD","PC","24.0000","CT","53326.8700","65405.4100","816","PT AKASHA WIRA INTERNATIONAL","","","","","81640012"
"81640022","REBONDING SHS EXTREMELY CURLY HAIR 120ML-KIT","1","816","NON FOOD","GOOD","PC","24.0000","CT","53326.8700","65405.4100","816","PT AKASHA WIRA INTERNATIONAL","","","","","81640022"
"81640032","REBONDING SHS DRY/DAMAGED HAIR 120ML-KIT","1","816","NON FOOD","GOOD","PC","24.0000","CT","53326.8700","65405.4100","816","PT AKASHA WIRA INTERNATIONAL","","","","","81640032"
"81640450","MAKARIZO PCS MICELLAR SHAMPOO81650341","1","816","NON FOOD","GOOD","PC","24.0000","CT","32319.0000","39279.0000","816","PT AKASHA WIRA INTERNATIONAL","","","","","81640450"
"81650321","MAKARIZO T1 ICS EQUALIZER SHAMPOO","1","816","NON FOOD","GOOD","PC","24.0000","CT","32319.0000","39279.0000","816","PT AKASHA WIRA INTERNATIONAL","","","","","81650321"
"81650341","MAKARIZO T1 ICS EQUALIZER CONDITIONER","1","816","NON FOOD","GOOD","PC","24.0000","CT","28279.0000","34369.0000","816","PT AKASHA WIRA INTERNATIONAL","","","","","81650341"
"81650460","MAKARIZO T1 PCS MICELLAR CONDITONER","1","816","NON FOOD","GOOD","PC","24.0000","CT","28279.0000","34369.0000","816","PT AKASHA WIRA INTERNATIONAL","","","","","81650460"
"81680020","MAKARIZO VG HAIR SERUM SHINE REFLECT ENHANCER 8ML","1","816","NON FOOD","GOOD","PC","48.0000","CT","9857.3900","12090.0900","816","PT AKASHA WIRA INTERNATIONAL","","","","","81680020"
"81680030","MAKARIZO VG HAIR SERUM STRENGHT BOOSTER 8ML","1","816","NON FOOD","GOOD","PC","48.0000","CT","9857.3900","12090.0900","816","PT AKASHA WIRA INTERNATIONAL","","","","","81680030"
"81700010","MAKEIT SOCIAL BUTTERFLY PERFUME 50ML","1","816","NON FOOD","GOOD","PC","12.0000","CT","180311.0000","220946.2700","816","PT AKASHA WIRA INTERNATIONAL","","","","","81700010"
"81700020","MAKEIT WEEKDAY HUSTLE PERFUME 50ML","1","816","NON FOOD","GOOD","PC","12.0000","CT","180311.0000","220946.2700","816","PT AKASHA WIRA INTERNATIONAL","","","","","81700020"
"81700030","MAKEIT DREAM CHASER PARFUME 50ML","1","816","NON FOOD","GOOD","PC","12.0000","CT","180311.0000","220946.2700","816","PT AKASHA WIRA INTERNATIONAL","","","","","81700030"
"81700040","MAKEIT KEEP IN TOUCH PARFUME 50ML","1","816","NON FOOD","GOOD","PC","12.0000","CT","180311.0000","220946.2700","816","PT AKASHA WIRA INTERNATIONAL","","","","","81700040"
"81700100","MAKEIT FRAGRANCE ESSENCE SANCTUARY 50ML","1","816","NON FOOD","GOOD","PC","12.0000","CT","56936.0000","77576.3900","816","PT AKASHA WIRA INTERNATIONAL","","","","","81700100"
"83710010","HE EASYCOLORZ NHC NATURAL BLACK SCH 26ML","1","816","NON FOOD","GOOD","PC","108.0000","CT","6787.0600","8324.3200","816","PT AKASHA WIRA INTERNATIONAL","","","","","83710010"
"83710020","HE EASYCOLORZ NHC LIGHT BROWN SCH  26ML","1","816","NON FOOD","GOOD","PC","108.0000","CT","6787.0600","8324.3200","816","PT AKASHA WIRA INTERNATIONAL","","","","","83710020"
"86110070","NESTLE PURE LIFE 330MLX24","1","816","FOOD","GOOD","PC","24.0000","CT","1285.5000","1565.3100","816","PT AKASHA WIRA INTERNATIONAL","","","","","86110070"
"86110080","NESTLE PURE LIFE 600MLx24","1","816","FOOD","GOOD","PC","24.0000","CT","1614.3500","1963.2100","816","PT AKASHA WIRA INTERNATIONAL","","","","","86110080"
"86110090","NESTLE PURE LIFE 1500MLX12","1","816","FOOD","GOOD","PC","12.0000","CT","3325.8600","4046.5400","816","PT AKASHA WIRA INTERNATIONAL","","","","","86110090"
"86120070","VICA 600MLX24","1","816","FOOD","GOOD","PC","24.0000","CT","1178.3000","1472.9700","816","PT AKASHA WIRA INTERNATIONAL","","","","","86120070"
"86120090","VICA 330MLX24","1","816","FOOD","GOOD","PC","24.0000","CT","976.3100","1227.4700","816","PT AKASHA WIRA INTERNATIONAL","","","","","86120090"
"86120110","VICA 1500MLX12","1","816","FOOD","GOOD","PC","12.0000","CT","2423.9400","3027.7700","816","PT AKASHA WIRA INTERNATIONAL","","","","","86120110"
"86120130","VICA 220MLX24","1","816","FOOD","GOOD","PC","24.0000","CT","706.9800","900.1500","816","PT AKASHA WIRA INTERNATIONAL","","","","","86120130"
"86120160","VICA PET 1010MLX12 SGN","1","816","FOOD","GOOD","PC","12.0000","CT","2289.2800","2782.3200","816","PT AKASHA WIRA INTERNATIONAL","","","","","86120160"
