"kode_area","kode_principal","kode_sales","total_plafon","total_customer"
"KLT","60","177","396","396"
"KRA","ET","","270","269"
"KLT","ET","","251","251"
"KLT","41","039","249","249"
"SRG","MFB","0112","231","231"
"SRG","60","181","202","202"
"SRG","M3","067","201","201"
"KLT","MFB","2307","195","195"
"KRA","M3","174","186","186"
"SRG","ET","","180","180"
"SRG","63","JF08","171","171"
"SLS","M3","190","164","164"
"BYL","ET","","159","158"
"BYL","60","179","159","159"
"KRA","60","180","158","158"
"SRG","63","jf14","153","153"
"SRG","63","JF10","150","150"
"KRA","MFB","078","149","149"
"SRG","60","185","148","148"
"SRG","ET","341","148","148"
"SRG","M6","086","146","146"
"BYL","MFB","175","142","142"
"SRG","63","jf17","139","139"
"BYL","M6","7003","136","136"
"SRG","MFB","1100","134","134"
"SRG","63","","127","127"
"KRA","ET","341","124","124"
"BYL","MFB","0233","123","123"
"KRA","63","","123","123"
"","ET","","123","123"
"SRG","MFB","0181","119","119"
"SRG","41","101","112","112"
"SRG","60","","111","111"
"SLS","ET","","109","109"
"BYL","63","","108","108"
"SLU","ET","","101","101"
"BYL","60","178","100","100"
"KLT","ET","343","95","95"
"KLT","M2","","94","94"
"KLT","DP","","94","94"
"KRA","63","jf02","90","90"
"BYL","ET","343","89","89"
"BYL","41","095","88","87"
"KLT","50","","84","84"
"SRG","M3","190","83","83"
"BYL","63","jf01","83","83"
"KRA","M6","070","80","80"
"BYL","63","jf15","78","78"
"BYL","M3","","78","75"
"BYL","63","JF05","78","78"
"KRA","M6","7003","78","78"
"SLS","63","","75","75"
"BYL","63","JF11","75","75"
"KRA","60","","72","72"
"SLS","M3","067","71","71"
"KRA","63","JF15","71","71"
"SLU","M3","190","71","71"
"BYL","63","jF07","70","70"
"SKH","ET","","70","70"
"KRA","63","jf16","69","69"
"SLS","60","178","68","68"
"BYL","63","jF09","65","65"
"SKH","60","180","62","62"
"KRA","63","jF09","61","61"
"KLT","59","592","60","60"
"SLS","MFB","0233","59","59"
"SRG","M3","","58","53"
"KLT","15","","57","57"
"SLS","15","","57","57"
"BYL","63","jf03","56","56"
"KRA","60","178","56","56"
"SLS","63","jF16","54","54"
"SKH","ET","341","54","54"
"KRA","63","jf07","54","54"
"KRA","M3","","52","48"
"SKH","63","JF01","52","52"
"SLS","60","179","52","52"
"SLU","MFB","0233","51","51"
"BYL","63","jF12","51","51"
"SLU","DP","","51","51"
"KRA","63","jF12","50","50"
"SLS","ET","343","49","49"
"KLT","NU","","49","49"
"SLU","60","178","49","49"
"SLU","ET","343","48","48"
"KRA","63","jf05","48","48"
"SRG","MFB","502","48","48"
"SLU","MFB","0001","48","48"
"SKH","M6","7003","48","48"
"KRA","MFB","1109","47","47"
"SRG","M3","189","47","47"
"","63","","47","47"
"KLT","47","","47","47"
"SLU","NU","","46","46"
"KLT","32","","45","45"
"SLS","60","180","45","45"
"SKH","MFB","078","45","45"
"BYL","61","564","45","45"
"SLS","63","jF03","44","44"
"SLS","M3","184","43","40"
"SLS","M3","0146","43","43"
"SKH","M3","174","43","43"
"BYL","63","jF16","43","43"
"SLS","M3","0146N","42","42"
"KRA","63","jF11","42","42"
"BYL","M3","0146","42","42"
"KRA","60","185","42","42"
"KLT","M3","046","41","41"
"SLS","63","jF02","41","41"
"KLT","M3","046N","41","41"
"SRG","M3","0146","40","40"
"BYL","M3","0146N","40","40"
"SLS","63","jF07","40","40"
"SRG","M3","0146N","40","40"
"SLS","M3","035","40","40"
"SLU","63","jF03","39","39"
"KTS","ET","","39","39"
"SKH","63","","39","39"
"KRA","63","jF03","39","39"
"SLS","M3","","38","38"
"SLU","60","179","38","38"
"SLS","ET","341","38","38"
"KRA","M2","","37","37"
"SLU","M3","0001","37","37"
"SRG","M2","","36","36"
"SLU","63","","36","36"
"SKH","63","JF15","36","36"
"SLU","63","jf02","36","36"
"","41","095","36","36"
"KRA","MFB","0112","35","35"
"SLS","M3","0001","35","35"
"KRA","MFB","","35","33"
"SLS","DP","","35","35"
"KRA","M6","086","35","35"
"SRG","61","561","34","34"
"KRA","M3","189","33","33"
"KRA","41","088","32","32"
"SLS","NU","","31","31"
"BYL","60","185","31","31"
"GML","ET","","31","31"
"KRA","61","146","30","30"
"SRG","M6","070","30","30"
"SLS","63","jf11","30","30"
"","41","101","30","30"
"KRA","62","146","30","30"
"KLT","58","0362","30","30"
"KRA","M3","502","29","29"
"SLS","60","","29","29"
"SRG","62","561","29","29"
"SKH","63","jf03","29","29"
"KRA","M3","502N","29","29"
"SKH","63","jF07","29","29"
"SLU","63","JF11","29","29"
"SLS","M6","070","28","28"
"BYL","60","","28","28"
"SLS","MFB","175","28","28"
"SLU","60","","28","28"
"SLU","63","jf16","28","28"
"SRG","DP","","27","27"
"SKH","M3","","27","23"
"SLU","63","JF09","27","27"
"SLU","MFB","078","27","27"
"SLS","MFB","078","27","27"
"SLU","M3","","27","27"
"SLS","63","jf12","27","27"
"SLS","63","jF01","27","27"
"KTS","60","179","27","27"
"SKH","60","178","26","26"
"SKH","M3","190","26","26"
"BYL","62","564","26","26"
"SLS","63","JF05","26","26"
"SRG","41","191","25","25"
"BYL","62","620","25","25"
"BYL","MFB","0112","25","25"
"KRA","MFB","0380","25","25"
"KLT","29","","25","25"
"KTS","MFB","0233","25","25"
"KRA","60","181","25","25"
"KTS","ET","341","25","25"
"SLS","ET","340","25","24"
"BYL","15","","24","24"
"KRA","MFB","1100","24","24"
"BYL","M3","189","24","24"
"SLU","ET","0001","24","24"
"SLS","ET","342","24","22"
"SLU","63","0001","24","24"
"SLS","MFB","0364","24","24"
"SLU","60","180","24","24"
"SLU","15","","24","24"
"SLS","M6","7003","24","24"
"BYL","DP","","24","24"
"SLU","41","095","24","24"
"SKH","63","jf09","23","23"
"KRA","DP","","23","23"
"SLU","60","0001","23","23"
"KRA","M3","0146N","23","23"
"KTS","ET","340","23","23"
"SLU","60","193","23","23"
"SLS","41","095","22","22"
"KRA","15","","22","22"
"SRG","60","178","22","22"
"KRA","M3","0146","22","22"
"SLU","60","185","22","22"
"BYL","M2","","22","22"
"SRG","MFB","189","22","22"
"KLT","49","","21","21"
"BYL","60","181","21","21"
"SLS","M3","256","21","21"
"SLU","M3","0146N","21","21"
"KTS","MFB","175","21","21"
"SLU","M3","0146","21","21"
"SLS","63","JF09","21","21"
"KTS","M3","190","21","21"
"KLT","MFB","0362","21","21"
"KRA","M6","","21","21"
"KTS","63","","21","21"
"SKH","61","146","20","20"
"SRG","62","620","20","20"
"BYL","M6","070","20","20"
"KRA","NU","","20","20"
"KTS","63","jF11","20","20"
"SKH","63","JF02","19","19"
"SRG","MFB","","19","17"
"SLU","ET","340","19","19"
"SLS","53","","19","19"
"SLS","MFB","0366","19","19"
"SLS","60","185","19","19"
"SKH","MFB","0233","18","18"
"BYL","ET","340","18","18"
"SLU","63","jf01","18","18"
"SLU","M3","0001N","18","18"
"BYL","NU","","18","18"
"BYL","53","","18","18"
"SRG","15","","17","17"
"KRA","MFB","175","17","17"
"KLT","53","","17","17"
"BYL","60","0","17","17"
"SLS","60","193","17","17"
"SLU","M3","067","17","17"
"SRG","63","jF12","17","17"
"SRG","ET","342","17","17"
"SLU","63","jf07","17","17"
"SKH","60","185","17","17"
"GML","63","jf08","17","17"
"KTS","15","","17","17"
"BYL","M3","184","17","17"
"KTS","63","jF01","17","17"
"KRA","32","","17","17"
"SLU","M2","","16","16"
"BYL","60","199","16","16"
"","M6","070","16","16"
"SKH","MFB","175","16","16"
"KRA","63","JF01","16","16"
"SLU","MFB","0380","16","16"
"SKH","62","146","16","16"
"SKH","63","jF16","16","16"
"SRG","M3","035","16","16"
"SLS","62","146","16","16"
"SLU","M6","0001","16","16"
"SKH","DP","","16","16"
"SLU","50","","16","16"
"KLT","43","","16","16"
"SRG","MFB","078","16","16"
"SLS","61","146","15","15"
"SKH","ET","342","15","14"
"","63","jF11","15","15"
"BYL","M3","190","15","15"
"SLU","M6","7003","15","15"
"SRG","M6","","15","15"
"KRA","62","620","15","15"
"SRG","60","193","15","15"
"KRA","50","","15","15"
"BYL","MFB","1100","15","15"
"BYL","MFB","E001","15","15"
"SLS","41","088","14","14"
"SLS","MFB","2332","14","14"
"SKH","63","jf05","14","14"
"SLS","MFB","0001","14","14"
"KTS","63","jF07","14","14"
"SRG","M3","174","14","14"
"BYL","MFB","0359","14","14"
"SLU","62","564","14","14"
"KRA","53","","14","14"
"BYL","41","190","14","14"
"SLU","61","564","14","14"
"SLU","M6","070","14","14"
"BYL","MFB","0365","14","14"
"SLU","MFB","0364","14","14"
"KRA","60","0","14","14"
"KRA","M3","067","14","14"
"SLU","M3","184","13","12"
"SLU","M3","502N","13","13"
"SRG","41","189","13","13"
"SLS","49","","13","13"
"KTS","41","095","13","13"
"SLU","63","jF12","13","13"
"","63","jf03","13","13"
"SLU","MFB","E001","13","13"
"SRG","47","0274","13","13"
"BYL","50","","13","13"
"BYL","M6","","13","12"
"SRG","60","180","13","13"
"BYL","41","","13","13"
"BYL","63","JF18","13","13"
"KRA","41","174","13","13"
"KRA","ET","342","13","13"
"SKH","M3","0146N","13","13"
"SRG","M6","093","13","13"
"KRA","60","193","13","13"
"SKH","60","179","13","13"
"SRG","47","","13","13"
"KLT","41","095","13","13"
"SKH","M3","0146","13","13"
"SLU","M3","502","13","13"
"GML","63","JF10","13","13"
"BYL","32","","13","13"
"SLS","63","JF18","13","13"
"KLT","24","","12","12"
"SKH","60","","12","12"
"BYL","M3","067","12","12"
"SLU","63","jF05","12","12"
"SKH","MFB","0359","12","10"
"GML","41","101","12","12"
"SLS","61","564","12","12"
"SKH","M6","070","12","12"
"KRA","M3","035","12","12"
"SLS","MFB","","12","12"
"KTS","M3","","12","11"
"SRG","50","","12","12"
"SLS","62","564","12","12"
"SLS","M2","","12","12"
"BYL","63","jF13","12","12"
"SLU","MFB","0366","12","12"
"KTS","60","185","12","12"
"SLU","MFB","175","12","12"
"KTS","63","JF02","11","11"
"SLS","ET","0001","11","11"
"KRA","29","","11","11"
"SKH","MFB","0380","11","11"
"","63","jF15","11","11"
"KRA","MFB","0181","11","11"
"KRA","MFB","0233","11","11"
"SRG","M3","184","11","11"
"SKH","M6","102","11","9"
"SKH","MFB","0365","11","9"
"KRA","49","","11","11"
"BYL","60","193","11","11"
"KTS","63","jF12","11","11"
"","63","jF16","11","11"
"SRG","32","","11","11"
"GML","M3","067","11","11"
"BYL","49","","11","11"
"SLU","47","","11","11"
"KRA","63","jF14","11","11"
"KRA","MFB","E001","11","11"
"SLS","M6","102","11","8"
"GML","60","181","11","11"
"SLU","47","0273","11","11"
"KTS","M6","070","11","11"
"SKH","MFB","0370","11","9"
"SRG","53","","11","11"
"BYL","MFB","","11","11"
"SLU","ET","341","11","11"
"SLS","M6","093","10","10"
"SLS","MFB","0380","10","10"
"SRG","60","188","10","10"
"SKH","MFB","E001","10","10"
"SKH","53","","10","10"
"SKH","M3","502","10","10"
"SRG","M2","563","10","10"
"SLU","MFB","0365","10","9"
"","63","jf05","10","10"
"KLT","62","561","10","10"
"SLS","M3","502N","10","10"
"GML","M3","0146","10","10"
"SKH","M3","0001","10","10"
"SLS","29","","10","10"
"SKH","NU","","10","10"
"SRG","63","jF02","10","10"
"KLT","61","561","10","10"
"BYL","47","","10","10"
"SKH","M3","184","10","8"
"SKH","M3","502N","10","10"
"KRA","63","jf18","10","10"
"SLS","MFB","0370","10","8"
"BYL","41","101","10","10"
"KTS","63","jF15","10","10"
"SLU","M6","093","10","10"
"SLS","M3","502","10","10"
"GML","M3","035","9","9"
"SKH","63","JF11","9","9"
"SRG","MFB","E001","9","9"
"GML","63","jF17","9","9"
"SLS","62","620","9","9"
"SRG","24","","9","9"
"BYL","MFB","0360","9","9"
"GML","M3","0146N","9","9"
"KRA","MFB","069","9","9"
"SKH","63","jF12","9","9"
"SLU","53","","9","9"
"SLS","63","jF15","9","9"
"SLS","47","0273","9","9"
"SRG","62","146","9","9"
"SLU","MFB","0370","9","8"
"KRA","47","","9","9"
"SLS","MFB","1109","9","9"
"KLT","59","591","9","9"
"SRG","43","","9","9"
"KTS","M6","7003","9","9"
"SLS","50","","9","9"
"SRG","61","146","9","9"
"SKH","M3","256","9","9"
"SLS","MFB","0365","8","6"
"SLU","M3","256","8","8"
"SRG","MFB","1109","8","8"
"SLU","49","","8","8"
"KRA","M6","093","8","8"
"SKH","62","620","8","8"
"BYL","MFB","0370","8","8"
"SLS","32","","8","8"
"GML","MFB","E001","8","8"
"SKH","M2","","8","8"
"SLS","MFB","0360","8","6"
"GML","M3","189","8","8"
"SLU","MFB","0","8","8"
"","63","jF07","8","8"
"SKH","50","","8","8"
"SLU","MFB","0359","8","7"
"","63","jf09","8","8"
"SLS","MFB","0359","8","6"
"GML","ET","341","8","8"
"BYL","MFB","0181","8","8"
"KRA","47","0273","8","8"
"KRA","60","179","8","8"
"KTS","DP","","8","8"
"SLU","41","088","8","8"
"SKH","63","jf20","8","5"
"SKH","MFB","0360","8","6"
"","63","jF14","8","8"
"SKH","60","199","8","8"
"SLS","41","190","7","7"
"KTS","M3","184","7","7"
"SKH","MFB","1109","7","7"
"SKH","15","","7","7"
"KLT","62","620","7","7"
"SLS","63","jF13","7","7"
"SLS","47","","7","7"
"GML","60","178","7","7"
"SRG","M6","","7","7"
"SKH","32","","7","7"
"GML","63","JF14","7","7"
"BYL","47","0273","7","7"
"KTS","60","","7","7"
"SRG","63","jF16","7","7"
"KRA","63","JF08","7","7"
"SLU","62","0001","7","7"
"SKH","ET","340","7","6"
"BYL","24","","7","7"
"KTS","63","jf05","7","7"
"KTS","63","jF13","7","7"
"","63","jf01","7","7"
"SRG","60","0","7","7"
"SLU","62","620","7","7"
"SRG","MFB","069","7","7"
"SLS","24","","7","7"
"SKH","MFB","0366","7","7"
"SLU","M3","035","7","7"
"KRA","24","","7","7"
"KRA","M3","256","6","6"
"GML","60","188","6","6"
"KTS","M3","0146N","6","6"
"SLU","63","jf15","6","6"
"KTS","M3","0146","6","6"
"KRA","41","101","6","6"
"KTS","M3","256","6","6"
"BYL","62","561","6","6"
"","M3","046","6","6"
"SLS","60","199","6","6"
"SRG","NU","","6","6"
"SRG","63","jF05","6","6"
"SLU","MFB","069","6","6"
"KRA","MFB","0370","6","6"
"","M3","046N","6","6"
"SLS","MFB","E001","6","6"
"SRG","49","","6","6"
"SRG","63","jf01","6","6"
"GML","MFB","069","6","6"
"SLU","ET","342","6","5"
"SLU","MFB","","6","6"
"SLS","MFB","098","6","6"
"SLS","63","0001","6","6"
"SLS","M3","0001N","6","6"
"SKH","60","177","6","6"
"GML","63","jf05","6","6"
"BYL","MFB","190","6","6"
"KTS","MFB","0365","6","6"
"BYL","61","561","6","6"
"SRG","29","","6","6"
"KRA","41","095","6","6"
"SLU","68","0001","6","6"
"SRG","MFB","0366","6","6"
"SLS","63","jf19","6","4"
"SLU","41","","5","5"
"KRA","MFB","0366","5","5"
"KRA","MFB","0364","5","5"
"SLU","32","","5","5"
"GML","MFB","0366","5","5"
"SRG","MFB","0370","5","5"
"GML","60","","5","5"
"","63","jF08","5","5"
"KRA","M3","190","5","5"
"KRA","63","JF17","5","5"
"KRA","ET","","5","5"
"","M3","502N","5","5"
"GML","MFB","0112","5","5"
"BYL","63","JF19","5","5"
"SKH","41","095","5","5"
"SLS","M6","","5","5"
"SLS","63","jF23","5","5"
"SRG","MFB","0380","5","5"
"BYL","M3","190N","5","5"
"KTS","MFB","0359","5","5"
"SLU","61","146","5","5"
"KTS","63","JF03","5","5"
"","43","","5","5"
"KRA","41","191","5","5"
"KLT","58","592","5","5"
"GML","M2","","5","5"
"SKH","58","","5","5"
"SKH","49","","5","5"
"GML","MFB","1100","5","5"
"BYL","63","JF04","5","5"
"","63","JF12","5","5"
"GML","61","561","5","5"
"SKH","MFB","","5","5"
"","M3","502","5","5"
"SKH","63","jF13","5","5"
"BYL","59","591","5","5"
"KRA","63","JF10","5","5"
"SLU","29","","5","5"
"BYL","29","","4","4"
"SKH","M6","","4","4"
"KRA","60","188","4","4"
"GML","M6","086","4","4"
"BYL","M3","0001","4","4"
"SLS","ET","017","4","4"
"KRA","M6","","4","4"
"","MFB","175","4","4"
"SRG","63","JF07","4","4"
"KTS","60","193","4","4"
"BYL","MFB","189","4","4"
"KRA","MFB","2332","4","4"
"KRA","MFB","502","4","4"
"BYL","63","jf14","4","4"
"SLS","M3","174","4","4"
"WNG","M2","","4","4"
"SLU","MFB","0360","4","3"
"SLU","63","jF04","4","4"
"SRG","ET","0001","4","4"
"SRG","M3","N","4","4"
"","63","jF17","4","4"
"SKH","47","","4","4"
"KRA","M2","563","4","4"
"SKH","60","193","4","4"
"KTS","63","jF16","4","4"
"SKH","M3","035","4","4"
"SLU","M3","174","4","4"
"SRG","41","067","4","4"
"KRA","M3","184","4","4"
"GML","MFB","502","4","4"
"SLS","60","0001","4","4"
"SLU","41","190","4","4"
"KLT","MFB","0233","4","4"
"","63","jf02","4","4"
"SKH","MFB","2307","4","4"
"SLS","58","","4","4"
"SRG","59","591","4","4"
"KTS","M3","189","4","4"
"BYL","M6","102","4","4"
"KRA","ET","343","4","4"
"SLU","62","146","4","4"
"SKH","41","039","4","4"
"SKH","MFB","0362","4","4"
"KTS","50","","3","3"
"GML","M3","184","3","3"
"KLT","59","","3","3"
"GML","MFB","0181","3","3"
"BYL","MFB","502","3","3"
"KTS","M3","035","3","3"
"KLT","ET","017","3","3"
"SRG","41","088","3","3"
"SLU","63","JF20","3","3"
"SRG","M3","0001","3","3"
"SRG","63","JF03","3","3"
"WNG","ET","","3","3"
"GML","62","561","3","3"
"SKH","MFB","069","3","3"
"KTS","ET","342","3","3"
"SKH","ET","017","3","3"
"KRA","41","067","3","3"
"SLU","M3","N","3","3"
"KTS","58","0233","3","3"
"KLT","ET","340","3","3"
"BYL","61","146","3","3"
"SKH","MFB","2332","3","3"
"SLU","M6","102","3","2"
"SRG","63","jF11","3","3"
"SLU","M6","","3","3"
"KTS","MFB","0370","3","3"
"","60","178","3","3"
"SRG","ET","343","3","3"
"GML","63","","3","3"
"KTS","60","199","3","3"
"SLS","58","087","3","3"
"SRG","M3","189N","3","3"
"GML","32","","3","3"
"SRG","ET","017","3","3"
"KTS","M3","067","3","3"
"KRA","MFB","189","3","3"
"SKH","M2","563","3","3"
"SLS","60","188","3","3"
"KTS","MFB","0366","3","3"
"KTS","NU","","3","3"
"KLT","37","","3","3"
"GML","ET","342","3","3"
"SLU","58","0001","3","3"
"SRG","MFB","0","3","3"
"GML","MFB","0370","3","3"
"SLS","MFB","069","3","3"
"KRA","62","088","3","3"
"SLS","MFB","502","3","3"
"KLT","50","186","3","3"
"BYL","62","146","3","3"
"KTS","MFB","E001","3","3"
"KTS","60","178","3","3"
"SRG","58","0112","3","3"
"SLS","58","580","3","3"
"SRG","59","592","3","3"
"SLU","61","0001","3","3"
"SLS","59","592","3","3"
"SLS","M3","189","3","3"
"KRA","58","580","3","3"
"KTS","49","","3","3"
"KTS","M2","","2","2"
"GML","MFB","","2","2"
"BYL","MFB","0366","2","2"
"SKH","60","0","2","2"
"","MFB","0001","2","2"
"SLS","37","","2","2"
"SKH","58","087","2","2"
"SLS","61","561","2","2"
"SKH","68","6802","2","2"
"SLS","M3","N","2","2"
"","63","jF04","2","2"
"","M3","067","2","2"
"KLT","58","","2","2"
"SRG","63","x","2","2"
"","M3","184N","2","2"
"BYL","ET","341","2","2"
"SKH","47","0273","2","2"
"GML","63","jf02","2","2"
"SRG","ET","","2","2"
"KRA","59","592","2","2"
"GML","M6","102","2","2"
"","63","jF10","2","2"
"KTS","ET","343","2","2"
"KRA","63","JF20","2","2"
"SLS","62","0001","2","2"
"SLU","58","087","2","2"
"KTS","M6","102","2","2"
"KRA","MFB","0360","2","2"
"SLU","63","jF19","2","1"
"SLU","MFB","1109","2","2"
"KRA","28","","2","2"
"SLU","43","","2","2"
"","M3","067","2","2"
"","M6","7003","2","2"
"SLU","M6","044","2","2"
"KTS","53","","2","2"
"WNG","NU","","2","2"
"KRA","43","","2","2"
"KLT","M3","105","2","2"
"KRA","63","JF19","2","2"
"GML","41","191","2","2"
"","MFB","2307","2","2"
"GML","DP","","2","2"
"SKH","43","","2","2"
"KTS","M6","","2","2"
"KLT","41","","2","2"
"BYL","41","191","2","2"
"BYL","50","187","2","2"
"WNG","32","","2","2"
"BYL","68","6802","2","2"
"GML","M3","046","2","2"
"KTS","M6","093","2","2"
"","M3","184","2","2"
"KLT","28","","2","2"
"SLS","MFB","0","2","2"
"KRA","58","","2","2"
"SLS","62","561","2","2"
"KTS","61","564","2","2"
"SRG","37","","2","2"
"KRA","MFB","0365","2","2"
"SLS","61","0001","2","2"
"SKH","63","JF19","2","2"
"KTS","59","592","2","2"
"SRG","M3","256","2","2"
"SKH","58","078","2","2"
"","M3","067N","2","2"
"SKH","62","0001","2","2"
"KLT","60","","2","2"
"BYL","43","","2","2"
"SLU","60","188","2","2"
"KTS","MFB","2332","2","2"
"SLU","47","0","2","2"
"SKH","41","088","2","2"
"SRG","M2","","2","2"
"SRG","M2","561","2","2"
"BYL","M2","563","2","2"
"SLU","41","174","2","2"
"SRG","63","jF18","2","2"
"SKH","24","","2","2"
"SRG","58","","2","2"
"GML","M3","046N","2","2"
"SLU","63","jf18","2","2"
"","63","jF18","2","2"
"BYL","M6","093","2","2"
"","ET","","2","2"
"SLU","MFB","257","2","2"
"SRG","41","","2","2"
"WNG","DP","","2","2"
"SKH","63","jF18","2","2"
"SKH","60","188","2","2"
"KTS","63","jF18","2","2"
"GML","MFB","175","2","2"
"KLT","41","067","2","2"
"BYL","17","067","2","2"
"KRA","62","121","2","2"
"KRA","59","591","2","2"
"KTS","62","564","2","2"
"SLS","58","078","2","2"
"KRA","ET","340","2","2"
"BYL","59","592","2","2"
"SLU","MFB","2331","2","2"
"WNG","15","","2","2"
"","MFB","1100","2","2"
"KRA","M3","0001","2","2"
"SKH","M3","N","2","2"
"SLU","60","199","2","2"
"KTS","MFB","0380","2","2"
"SLS","58","001","1","1"
"KRA","M2","042","1","1"
"KRA","28","100012","1","1"
"SLS","MFB","0318","1","1"
"BYL","M2","062","1","1"
"KRA","60","7001","1","1"
"BYL","47","187","1","1"
"GML","MFB","0233","1","1"
"SRG","M3","1100","1","1"
"SLU","60","-","1","1"
"KRA","MFB","501","1","1"
"SLS","58","179","1","1"
"SKH","60","167","1","1"
"SKH","61","021","1","1"
"SLS","60","0","1","1"
"KLT","63","jF09","1","1"
"GML","41","189","1","1"
"KRA","60","184","1","1"
"SKH","M1","042","1","1"
"SLS","ET","","1","1"
"KLT","60","178","1","1"
"SLU","M6","086","1","1"
"SLU","24","","1","1"
"SLU","MFB","0181","1","1"
"WNG","24","","1","1"
"KRA","63","jF04","1","1"
"KLT","M6","7003","1","1"
"KRA","29","2305","1","1"
"SKH","MFB","190","1","1"
"SKH","60","207","1","1"
"SLS","63","JF17","1","1"
"","41","039","1","1"
"SKH","41","174","1","1"
"BYL","28","2331","1","1"
"KTS","MFB","0360","1","1"
"KRA","63","jF13","1","1"
"SLS","68","6802","1","1"
"KLT","58","2307","1","1"
"SLS","41","067","1","1"
"KLT","58","0360","1","1"
"SKH","MFB","0323","1","1"
"BYL","47","0274","1","1"
"","58","","1","1"
"SLU","MFB","0223","1","1"
"","M6","093","1","1"
"SLU","60","217","1","1"
"BYL","M2","014","1","1"
"KRA","17","174","1","1"
"KLT","59","5952","1","1"
"SKH","47","0274","1","1"
"KTS","63","JF20","1","1"
"SRG","MFB","0364","1","1"
"KTS","ET","017","1","1"
"","60","177","1","1"
"SRG","63","jf15","1","1"
"BYL","M3","IT01N","1","1"
"BYL","60","177","1","1"
"SRG","49","591","1","1"
"SLU","60","111","1","1"
"BYL","MFB","069","1","1"
"SRG","32","","1","1"
"SLS","M2","0364","1","1"
"","M3","","1","1"
"KTS","M1","070","1","1"
"GML","NU","","1","1"
"SLU","M6","045","1","1"
"KRA","M1","070","1","1"
"KTS","MFB","0001","1","1"
"BYL","38","","1","1"
"BYL","MFB","0362","1","1"
"SLS","MFB","2331","1","1"
"SRG","BM","078","1","1"
"SLS","ET","0","1","1"
"KRA","50","136","1","1"
"SLS","60","215","1","1"
"SRG","60","-","1","1"
"","M6","093","1","1"
"KRA","24","","1","1"
"KLT","M6","100","1","1"
"KRA","BM","078","1","1"
"SLS","MFB","1100","1","1"
"KRA","MFB","185","1","1"
"SLU","M3","172","1","1"
"SLU","59","001","1","1"
"SLU","50","187","1","1"
"SLU","MFB","0369","1","1"
"SRG","58","592","1","1"
"SRG","M1","045","1","1"
"SLS","M3","x","1","1"
"SLU","59","","1","1"
"KTS","60","188","1","1"
"BYL","60","0001","1","1"
"BYL","49","0","1","1"
"GML","41","067","1","1"
"BYL","28","440003","1","1"
"KLT","38","","1","1"
"KLT","MFB","0366","1","1"
"KTS","MFB","190","1","1"
"SLU","M3","1705N","1","1"
"GML","ET","0001","1","1"
"SLS","63","098","1","1"
"SLS","M3","196CIC","1","1"
"SLU","60","198","1","1"
"SLS","M1","891","1","1"
"SKH","MFB","0","1","1"
"SKH","29","","1","1"
"SRG","MFB","2306","1","1"
"BYL","MFB","0380","1","1"
"KTS","61","561","1","1"
"WNG","37","","1","1"
"BYL","41","067","1","1"
"SLS","60","169","1","1"
"GML","58","","1","1"
"SLS","60","210","1","1"
"SLS","47","136","1","1"
"BYL","58","0112","1","1"
"KLT","MFB","E001","1","1"
"SRG","63","JF20","1","1"
"SKH","MFB","087","1","1"
"BYL","28","100016","1","1"
"SLU","ET","017","1","1"
"SLU","46","","1","1"
"KRA","MFB","0113","1","1"
"KRA","68","6802","1","1"
"SLU","63","JF22","1","1"
"SLU","MFB","001","1","1"
"KLT","46","","1","1"
"SKH","MFB","0001","1","1"
"KTS","63","JF09","1","1"
"KTS","41","190","1","1"
"GML","M2","563","1","1"
"SLS","60","094","1","1"
"JKT","MFB","0366","1","1"
"KRA","60","188MT","1","1"
"SLU","M3","1705","1","1"
"SLU","60","195","1","1"
"SLU","MFB","098","1","1"
"SLU","59","592","1","1"
"SRG","24","","1","1"
"SLU","63","0","1","1"
"","60","179","1","1"
"KTS","MFB","R001","1","1"
"SRG","MFB","067","1","1"
"KTS","38","","1","1"
"SRG","NU","","1","1"
"KLT","M3","184","1","1"
"KLT","63","JE04","1","1"
"SLS","29","0364","1","1"
"SLU","MFB","151","1","1"
"SMG","MFB","098","1","1"
"YGY","ET","","1","1"
"SRG","MFB","b7to2","1","1"
"GML","63","jf16","1","1"
"KLT","61","021","1","1"
"BYL","28","592","1","1"
"SLS","M3","jf05","1","1"
"KLT","58","0001","1","1"
"SLS","58","0001","1","1"
"SLS","MFB","0181","1","1"
"","62","146","1","1"
"SLU","60","188MT","1","1"
"KLT","MFB","","1","1"
"SLS","60","168","1","1"
"SLS","62","230","1","1"
"WNG","29","","1","1"
"KLT","BM","186","1","1"
"SLU","68","017","1","1"
"KRA","41","","1","1"
"SLU","60","170","1","1"
"BYL","50","0233","1","1"
"SKH","41","","1","1"
"SLS","62","121","1","1"
"SLS","M3","194CIC","1","1"
"BYL","ET","017","1","1"
"KRA","63","JF23","1","1"
"BYL","MFB","2302","1","1"
"SLS","MFB","017","1","1"
"KTS","MFB","069","1","1"
"SRG","68","6801","1","1"
"GML","43","","1","1"
"GML","53","","1","1"
"","43","","1","1"
"KLT","62","021","1","1"
"SLS","MFB","087","1","1"
"","60","181","1","1"
"SLS","60","214","1","1"
"SRG","M1","174","1","1"
"SLS","58","0233","1","1"
"SKH","28","","1","1"
"KRA","ET","017","1","1"
"","M3","174","1","1"
"","61","146","1","1"
"SLU","MFB","067","1","1"
"SKH","28","100017","1","1"
"GML","60","193","1","1"
"JKT","MFB","0365","1","1"
"GML","MFB","078","1","1"
"BYL","MFB","087","1","1"
"SLU","M3","257N","1","1"
"GML","62","620","1","1"
"GML","MFB","035","1","1"
"GML","47","","1","1"
"SLU","60","213","1","1"
"KRA","MFB","0359","1","1"
"KRA","MFB","070","1","1"
"","MFB","0362","1","1"
"KTS","MFB","0364","1","1"
"SRG","38","","1","1"
"KTS","MFB","0","1","1"
"SLS","60","205","1","1"
"KLT","61","560","1","1"
"KRA","58","087","1","1"
"SLS","46","","1","1"
"SRG","63","jF13","1","1"
"SLS","BM","","1","1"
"BYL","M1","7003","1","1"
"SLS","58","175","1","1"
"SKH","MFB","0181","1","1"
"KTS","60","0001","1","1"
"KLT","58","175","1","1"
"SLS","68","0001","1","1"
"SLU","M3","046N","1","1"
"BYL","MFB","2331","1","1"
"KTS","M3","x","1","1"
"BYL","BM","0233","1","1"
"KLT","ET","341","1","1"
"SLU","M3","190NN","1","1"
"KLT","MFB","069","1","1"
"SRG","ET","JF10","1","1"
"KRA","MFB","2331","1","1"
"SLS","MFB","0112","1","1"
"","M3","0146N","1","1"
"SLU","60","201","1","1"
"GML","62","","1","1"
"KRA","M6","102","1","1"
"SKH","41","190","1","1"
"SKH","60","212","1","1"
"SLS","M6","","1","1"
"KRA","60","0001","1","1"
"","M3","0146","1","1"
"KTS","MFB","","1","1"
"KRA","49","014","1","1"
"SLS","41","191","1","1"
"","63","0","1","1"
"SRG","MFB","0110","1","1"
"KLT","MFB","175","1","1"
"SLU","41","067","1","1"
"KRA","MFB","0001","1","1"
"SKH","63","0001","1","1"
"KRA","28","100001","1","1"
"SLS","M1","7001","1","1"
"","ET","340","1","1"
"GML","15","","1","1"
"GML","63","JF20","1","1"
"SKH","60","188MT","1","1"
"SRG","60","x","1","1"
"SLS","41","","1","1"
"BYL","MFB","0001","1","1"
"BYL","MFB","2304","1","1"
"KRA","50","187","1","1"
"SLU","60","166","1","1"
"KTS","62","560","1","1"
"","M3","174N","1","1"
"SRG","M1","114","1","1"
"KTS","47","","1","1"
"SLU","17","","1","1"
"","60","0001","1","1"
"KTS","62","620","1","1"
"SLU","BK","0001","1","1"
"","63","0001","1","1"
"BYL","M3","0","1","1"
"GML","63","JF03","1","1"
"","60","","1","1"
"GML","M3","","1","1"
"SKH","62","021","1","1"
"GML","M6","070","1","1"
"SLU","60","0","1","1"
"SLU","M3","1706N","1","1"
"SLU","59","0001","1","1"
"SKH","ET","343","1","1"
"SRG","58","580","1","1"
"SRG","M3","jF08","1","1"
"SRG","MFB","0001","1","1"
"SLS","M6","086","1","1"
"SLU","ET","0","1","1"
"SLU","60","208","1","1"
"SLU","M3","046","1","1"
"SLU","68","6802","1","1"
"SKH","BK","0001","1","1"
"SLU","M3","1706","1","1"
"GML","29","","1","1"
"WNG","MFB","0366","1","1"
"SRG","M1","7002","1","1"
"BYL","M3","IT01","1","1"
"SKH","MFB","2309","1","1"
"KTS","62","561","1","1"
"SKH","MFB","0364","1","1"
"KRA","MFB","178","1","1"
"KTS","47","0273","1","1"
"BYL","60","206","1","1"
"KTS","58","","1","1"
"SLS","63","JF08","1","1"
"SRG","MFB","181","1","1"
"SRG","60","jF07","1","1"
"KLT","M3","105N","1","1"
"SLS","NU","0365","1","1"
"KTS","63","JF19","1","1"
"SKH","60","173","1","1"
"SRG","41","190","1","1"
"BYL","M3","035","1","1"
"SRG","60","jF12","1","1"
"BYL","58","0233","1","1"
"GML","M1","7002","1","1"
"KRA","60","-","1","1"
"SLS","M3","190N","1","1"
"WNG","MFB","0323","1","1"
"GML","M6","","1","1"
"SLU","MFB","190","1","1"
"KRA","62","623","1","1"
"SLU","63","098","1","1"
"","ET","0001","1","1"
"WNG","38","","1","1"
"KLT","49","051","1","1"
"KRA","MFB","0","1","1"
"SKH","ET","0001","1","1"
"","M6","070","1","1"
"SKH","63","jF04","1","1"
"SLU","62","561","1","1"
"KTS","63","jF17","1","1"
"BYL","58","","1","1"
"BYL","60","-","1","1"
"","ET","341","1","1"
"KRA","58","0360","1","1"
"BYL","60","tUTUP","1","1"
"BYL","M6","044","1","1"
"KRA","63","jF22","1","1"
"KRA","47","0274","1","1"
"SKH","63","jF17","1","1"
"SLU","58","","1","1"
"SLU","MFB","502","1","1"
"SKH","59","592","1","1"
