"kode_principal","nama_principal","active","total_customer_plafon","total_sales"
"63","PT GODREJ INDONESIA","1","3637","26"
"60","PT.NUTRIFOOD INDONESIA","1","2442","42"
"ET","ENERGIZER","1","2283","6"
"M3","MIX 3","1","2025","27"
"MFB","Mix Food Budimas","1","1853","25"
"M6","MIX 6","1","882","7"
"BK","PT.BRANDS KONNECT INTERN","1","2","0"
"42","X","1","0","0"
"60A","NFI GIMMICK","1","0","0"
"41","PT. FUMAKILLA NOMOS","0","820","2"
"62","PT.TATA GLOBAL SENTOSA","0","301","1"
"DP","DOLPHIN PT","0","282","2"
"M2","MIX 2","0","264","5"
"15","PT SMART","0","228","0"
"61","PT.MANDRAVA WANGI","0","222","1"
"NU","PT. NIRAMAS UTAMA NIAGA","0","188","2"
"50","PT.SUKANDA DJAYA","0","169","0"
"47","PT.UNITED WARU BISCUIT MANUFAC","0","161","0"
"32","PT.TRESNO JOYO","0","112","2"
"53","PT.PERINTIS KARYA SENTOSA","0","101","1"
"59","PT.ANEKA INDO MAKMUR","0","101","0"
"58","PT.ANGGANA CATUR PRIMA","0","96","1"
"49","PT.BAHTERA CIPTA RAGA PRIMA","0","82","2"
"29","PT.UNIVERSAL CIPTA PANGAN","0","66","0"
"24","PT REMS SURABAYA","0","48","1"
"43","PT.PUNCAK MASA KEEMASAN INDO","0","40","0"
"68","GBU PLAST","0","16","1"
"28","PT.CIPTA KARYA UTAMA","0","12","0"
"M1","MIX 1","0","11","0"
"37","CV.RODA MAS","0","8","0"
"BM","UD. BUDIMAS","0","5","0"
"38","CV.KARAGEN INDONESIA","0","5","0"
"17","PT. GUNUNG SLAMAT","0","4","0"
"46","PT.YABETA INDONESIA/NEFERTITI","0","3","0"
"11A","KINO PC 2","0","0","0"
"DB","DANONE BISCUITS INDONESIA","0","0","0"
"51","CV.DJAYA RAYA UTAMA","0","0","0"
"11","PT.KINO INDONESIA","0","0","0"
"M5","MIX 5","0","0","0"
"67","MIX SOSIS FINNA","0","0","0"
"M4","PT GUNUNG SLAMAT","0","0","0"
