"kode_area","nama_area","total_customer","active_customer"
"SRG","Sragen","3981","3962"
"BYL","Boyolali","3495","3470"
"SLS","Solo Selatan","3392","3365"
"KRA","Karanganyar","3361","3347"
"KLT","Klaten","3040","3029"
"SLU","Solo Utara","2773","2754"
"SKH","Sukoharjo","2564","2553"
"WNG","Wonogiri","1267","1256"
"KTS","Kartosuro","712","706"
"GML","Gemolong","300","297"
"","","237","236"
"SLG","SALATIGA","44","44"
"PWD","PURWODADI","36","36"
"PAT","PATI","31","30"
"YGY","Yogyakarta","29","29"
"RMB","REMBANG","24","24"
"PWJ","PURWOREJO","16","16"
"MGL","MAGELANG","16","16"
"KDS","KUDUS","14","14"
"BLR","BLORA","14","14"
"WSB","WONOSOBO","11","11"
"BJG","BANJARNEGARA","9","9"
"KTJ","KUTOARJO","8","8"
"SMG","SEMARANG","7","7"
"GBG","GOMBONG","7","7"
"MTL","MUNTILAN","5","5"
"TMG","TEMANGGUNG","5","5"
"KBM","KEBUMEN","4","4"
"PRK","PARAKAN","3","3"
"JKT","JAKARTA","3","3"
"BDG","BANDUNG","2","2"
"KDR","KEDIRI","1","1"
"ABR","AMBARAWA","1","1"
