"kode_sales","nama_sales","kode_principal","nama_principal","active","total_customer_plafon"
"190","TRI PINA","M3","MIX 3","1","415"
"341","LINE 2 ET : FRANS B","ET","ENERGIZER","1","412"
"067","LINE 3 MIX 3: SAMUEL","M3","MIX 3","1","348"
"178","MARDI","60","PT.NUTRIFOOD INDONESIA","1","336"
"7003","YUDHA","M6","MIX 6","1","314"
"180","TRIANA","60","PT.NUTRIFOOD INDONESIA","1","302"
"0112","LINE 1 MIX 1:SEPTIAN","MFB","Mix Food Budimas","1","301"
"179","RENDI S","60","PT.NUTRIFOOD INDONESIA","1","299"
"185","LINE 1 60 : HAIDAR OBEIT","60","PT.NUTRIFOOD INDONESIA","1","291"
"343","LINE 4 ET : AGUS RIYADI","ET","ENERGIZER","1","291"
"078","LINE 2 MIX1:JOKO S","MFB","Mix Food Budimas","1","268"
"174","LINE 2 M3 : YUYUN","M3","MIX 3","1","265"
"181","DENI","60","PT.NUTRIFOOD INDONESIA","1","261"
"175","LINE 3: MUSTIKA DEWI","MFB","Mix Food Budimas","1","244"
"JF07","LENA DIAS","63","PT GODREJ INDONESIA","1","237"
"JF16","SANTI ARIANI D W","63","PT GODREJ INDONESIA","1","233"
"JF03","SAPUTRO","63","PT GODREJ INDONESIA","1","229"
"JF01","SITI BUDI L","63","PT GODREJ INDONESIA","1","226"
"JF11","ALFIAN M DAMRA","63","PT GODREJ INDONESIA","1","223"
"JF15","WASKITO AJI","63","PT GODREJ INDONESIA","1","222"
"070","SPV MIX","M6","PT.KINO INDONESIA","1","214"
"JF02","ANISA PRATIWI","63","PT GODREJ INDONESIA","1","213"
"JF05","IKA MILA","63","PT GODREJ INDONESIA","1","208"
"JF09","MENIS","63","PT GODREJ INDONESIA","1","207"
"JF08","GIYANTO","63","PT GODREJ INDONESIA","1","202"
"086","INDRA","M6","MIX 6","1","187"
"JF12","AHMAD ROIS","63","PT GODREJ INDONESIA","1","184"
"JF14","BAGUS PRASETYO","63","PT GODREJ INDONESIA","1","183"
"1100","SALES MIX INACO : EKO P","MFB","Mix Food Budimas","1","182"
"JF10","SULIS","63","PT GODREJ INDONESIA","1","171"
"0001","KANTOR","M6","MIX 6","1","169"
"JF17","ANWAR","63","PT GODREJ INDONESIA","1","160"
"189","LINE 1 M3 : BAGUS","M3","MIX 3","1","154"
"184","LINE 5 MIX 3: WAHYU TRI RAHAYU","M3","MIX 3","1","106"
"340","LINE 1 ET : SEPTIYANI DU","ET","ENERGIZER","1","96"
"035","LINE 4 MIX 3:TINA","M3","MIX 3","1","92"
"193","WAKHID","60","PT.NUTRIFOOD INDONESIA","1","88"
"342","LINE 3 ET : RAHMAWATI","ET","ENERGIZER","1","77"
"E001","WULAN AFRIYANI","MFB","Mix Food Budimas","1","76"
"1109","SALES MIX INACO : JENY","MFB","Mix Food Budimas","1","73"
"0366","LINE 1 MIX1 : ELYN FIRDAUSI","MFB","Mix Food Budimas","1","62"
"256","YASIN SPV","M3","MIX 3","1","52"
"0370","PUTUT CANDRA","MFB","Mix Food Budimas","1","50"
"0365","LINE 1 MIX1 :WIWIN","MFB","Mix Food Budimas","1","48"
"093","WIDIASARI","M6","MIX 6","1","47"
"JF18","HERMI SUTARMI","63","PT GODREJ INDONESIA","1","46"
"0359","NOVY WAHYUNINGSIH","MFB","Mix Food Budimas","1","43"
"069","LINE II MIX 1 :TATIK","MFB","Mix Food Budimas","1","37"
"191","NAYIRI","M3","MIX 3","1","35"
"0360","ANITA GAYATRI","MFB","Mix Food Budimas","1","29"
"102","SATRIO DARMA","M6","MIX 6","1","28"
"017","CHASAN SPV ET","ET","ENERGIZER","1","19"
"JF19","SRI MASRINA","63","PT GODREJ INDONESIA","1","15"
"JF20","TRI WULANDARI","63","PT GODREJ INDONESIA","1","13"
"JF04","TIRTA","63","PT GODREJ INDONESIA","1","13"
"098","YULIA SPV","MFB","Mix Food Budimas","1","9"
"JF23","TOPAN ALIT","63","PT GODREJ INDONESIA","1","6"
"044","NARNI SPV","M6","PT.KINO INDONESIA","1","3"
"188MT","TRIANA WATI","60","PT.NUTRIFOOD INDONESIA","1","3"
"257","RISKA SPV","MFB","Mix Food Budimas","1","2"
"0323","ANANG SPV","MFB","Mix Food Budimas","1","2"
"0318","WINDA DWI ANDI","MFB","Mix Food Budimas","1","1"
"0369","LINE 5 MIX: NINING T","MFB","Mix Food Budimas","1","1"
"100","YAYUK SPV","","","1","1"
"111","FARS BUDI SPV","","","1","1"
"094","SAMUEL AS NFI","60","PT.NUTRIFOOD INDONESIA","1","1"
"166","DWI WIDANINGSIH","60","PT.NUTRIFOOD INDONESIA","1","1"
"167","FEBRI SULASTINI","60","PT.NUTRIFOOD INDONESIA","1","1"
"168","INTAN PUJI","60","PT.NUTRIFOOD INDONESIA","1","1"
"169","ENDANG PALUPI WURI","60","PT.NUTRIFOOD INDONESIA","1","1"
"170","TRIANY SETYANINGSIH","60","PT.NUTRIFOOD INDONESIA","1","1"
"217","ARJUNA M PRICP NUTRIFOOD","60","PT.NUTRIFOOD INDONESIA","1","1"
"196CIC","DAVID TL POCI","M3","MIX 3","1","1"
"205","TITIK SETYOWATI MD NFI","60","PT.NUTRIFOOD INDONESIA","1","1"
"208","ENDAH DWI HASTUTI NFI","60","PT.NUTRIFOOD INDONESIA","1","1"
"210","YUDIET MARINA MD NFI","60","PT.NUTRIFOOD INDONESIA","1","1"
"214","OMEGA JATI MD NFI","60","PT.NUTRIFOOD INDONESIA","1","1"
"215","NANIK HARSIWI","60","PT.NUTRIFOOD INDONESIA","1","1"
"194CIC","RISKY MOTORIS POCI","M3","MIX 3","1","1"
"195","ISWORO AKBAR","60","PT.NUTRIFOOD INDONESIA","1","1"
"198","NITA INDRIANA NFI","60","PT.NUTRIFOOD INDONESIA","1","1"
"1706","DIAN YUDA MOTORIS POCI","M3","MIX 3","1","1"
"172","SULASTRI  FREEDRINK","M3","MIX 3","1","1"
"173","NURLAILA","60","PT.NUTRIFOOD INDONESIA","1","1"
"IT01","damar","M3","MIX 3","1","1"
"DEPO03","DEPO SALATIGA","","","1","0"
"JF06","JOKO PURWADI","63","PT GODREJ INDONESIA","1","0"
"176","LINE II:ENY SISWANTI","NU","PT. NIRAMAS UTAMA NIAGA","1","0"
"198CIC","ANANG AGUNG","M3","MIX 3","1","0"
"195CIC","SUMARDI","M3","MIX 3","1","0"
"191CIC","NAYIRI","M3","MIX 3","1","0"
"216","SULASTRI FREEDRINK","M3","MIX 3","1","0"
"200CIC","TAUFIK MOTORIS","M3","MIX 3","1","0"
"197CIC","SOFYAN KANVAS POCI","M3","MIX 3","1","0"
"345","INDRA LESMANA PRINC ET","ET","ENERGIZER","1","0"
"401","MARDI PRINC NIRAMAS","MFB","Mix Food Budimas","1","0"
"155","SUKIDI PRINC DOLPHIN","MFB","Mix Food Budimas","1","0"
"150","LINDA OKTAVIA","MFB","Mix Food Budimas","1","0"
"0124","MUH YASIN SPV","MFB","Mix Food Budimas","1","0"
"002","BAYU TAMA","","","1","0"
"007","SUTARNO","KN","KINOCARE ERA KOSMETINDO PT","1","0"
"564","LINE 4 M2 : C ANDY","M2","MIX 2","0","74"
"199","MARSIH","60","PT.NUTRIFOOD INDONESIA","0","35"
"JF13","ARINI","63","PT GODREJ INDONESIA","0","33"
"188","SUGIYARTI","60","PT.NUTRIFOOD INDONESIA","0","28"
"6802","YOSUA KARISMAWAN","68","GBU PLAST","0","7"
"190N","TRI PINA","","","0","6"
"189N","BAGUS","M3","MIX 3","0","3"
"001","WATIK  COLECTOR","","","0","3"
"121","LINE IV: PAZIA","61","PT.MANDRAVA WANGI","0","3"
"067N","SAMUEL","M3","MIX 3","0","2"
"184N","PANCE","M3","MIX 3","0","2"
"7001","VACANT","","","0","2"
"JF22","SADWANTO SPV GODREJ","","","0","2"
"174N","LINE 2 M3 : TUTIK SETYANI","M3","MIX 3","0","1"
"1705","IWAN PRINC POCI","M3","MIX 3","0","1"
"230","INDRA SPV MIX","","","0","1"
"201","SHINTA PRASETYANINGRUM","60","PT.NUTRIFOOD INDONESIA","0","1"
"206","EKO LISTANTO MD NFI","60","PT.NUTRIFOOD INDONESIA","0","1"
"207","SHINTA CAMELIA MD NFI","60","PT.NUTRIFOOD INDONESIA","0","1"
"212","EDI S NFI","60","PT.NUTRIFOOD INDONESIA","0","1"
"213","KARTIKA CHANDRA K","60","PT.NUTRIFOOD INDONESIA","0","1"
"151","AGUNG SPV MIX","MFB","Mix Food Budimas","0","1"
"154","OSKAR PRINCP DOLPHIN","MFB","Mix Food Budimas","0","0"
"1020","SUNARWAN","60","PT.NUTRIFOOD INDONESIA","0","0"
"109","HERI K SNI","35","PT.SINERGY NIAGATAMA INDONESIA","0","0"
"128","RISKI BVERIANDO BM KINO","","","0","0"
"133","LINE 01 MIX2 :SUGIYARTI","M2","MIX 2","0","0"
"135","CASTOMO PRINC KINO","","","0","0"
"147","AGUS MURANTO SPV MIX","MFB","Mix Food Budimas","0","0"
"157","JOKO SETYA BUDI","24","PT REMS SURABAYA","0","0"
"158","JOKO SURATNO","32","PT.TRESNO JOYO","0","0"
"164","NOVIA TRI KISNANDARI","60","PT.NUTRIFOOD INDONESIA","0","0"
"165","RIZKY ARIF SADEWA","60","PT.NUTRIFOOD INDONESIA","0","0"
"1702","TONI POCI","","","0","0"
"097","NUGROHO SPV BLIBIS","58","PT.ANGGANA CATUR PRIMA","0","0"
"091","MAWARTI WIGATI","DP","DOLPHIN PT","0","0"
"072","HARYANTO","19","PT MILLENIUM LESTARI JAYA","0","0"
"082","BAMBANG BUDIONO","20","PT AFIS PRIMA PERDANA","0","0"
"083","KINO GT:DARMA SATRIO N","","","0","0"
"119","KKINO PC2 SASHA:AGUS .S","60","PT.NUTRIFOOD INDONESIA","0","0"
"1202","UDIN BLUE GAS","12","PT BLUE GAS INDONESIA","0","0"
"1204","WISMAN BLUE GAS","12","PT BLUE GAS INDONESIA","0","0"
"1205","TRI RIYADI BLUE GAS","12","PT BLUE GAS INDONESIA","0","0"
"099","LINE 1 MIX 3 : MEI GT","M3","MIX 3","0","0"
"0391","RACHMAN","DP","DOLPHIN PT","0","0"
"041","SUSILO","","","0","0"
"043","LINE 2 SHICK: NONO S","49","PT.BAHTERA CIPTA RAGA PRIMA","0","0"
"047","DARYANTO","12","PT BLUE GAS INDONESIA","0","0"
"048","LINE 1 55 : ARIFIN","M2","MIX 2","0","0"
"0482","INDRA KURNIAWAN","NU","PT. NIRAMAS UTAMA NIAGA","0","0"
"049","JOKO SIANTAR MAJU","36","PT.SIANTAR MADJU","0","0"
"058","AGUNG DEPO KLT","","","0","0"
"061","HENDRO COLEKTOR","","","0","0"
"065","PRILLA","","","0","0"
"020","YULIANTO","22","PT SINAR ANTJOL","0","0"
"029","SETYO SUJATMANTO","","","0","0"
"031","SITI MARKHOMAH","22","PT SINAR ANTJOL","0","0"
"0147","SARAH MARVINDA  TL SAMBAL ULG","MFB","Mix Food Budimas","0","0"
"035N","TINA","","","0","0"
"211","RISTIYANINGSIH MD NFI","60","PT.NUTRIFOOD INDONESIA","0","0"
"209","KANIA ASA NFI","60","PT.NUTRIFOOD INDONESIA","0","0"
"197","AGUNG P NFI","60","PT.NUTRIFOOD INDONESIA","0","0"
"202","BAGUS","32","PT.TRESNO JOYO","0","0"
"204","DHEVY NOVITA SARI","60","PT.NUTRIFOOD INDONESIA","0","0"
"244","LINE 3 MIX: FERI NIASARI","M2","MIX 2","0","0"
"246","LINE 1 SHICK: GIARTO","49","PT.BAHTERA CIPTA RAGA PRIMA","0","0"
"222","DEWI ERNAWATI","M2","MIX 2","0","0"
"601","LINE 01 60 : SURYA","60","PT.NUTRIFOOD INDONESIA","0","0"
"602","LINE 02 60 : ANDRI","60","PT.NUTRIFOOD INDONESIA","0","0"
"621","HARNO SPV POKANA","62","PT.TATA GLOBAL SENTOSA","0","0"
"411","LINE 01 41 : SURYA","41","PT. FUMAKILLA NOMOS","0","0"
"412","LINE 02 41 : ANDRI","41","PT. FUMAKILLA NOMOS","0","0"
"530","LINE 1 BEER: PRAMONO","53","PT.BEVERINDO INDAH ABADI","0","0"
"192","YUNITA TRI MAHARINI","","","0","0"
"199CIC","YULIA MOTORIS POCI","","","0","0"
"200","YULI ASIH WULANDARI","60","PT.NUTRIFOOD INDONESIA","0","0"
"196","EKA VERAWATI","60","PT.NUTRIFOOD INDONESIA","0","0"
"171","SOFYAN ANDRIES","M3","MIX 3","0","0"
"183","AJENG WINDA PRAMESTI","60","PT.NUTRIFOOD INDONESIA","0","0"
"HRM","HERMI","63","PT GODREJ INDONESIA","0","0"
"IT001","DAMAR WU","M3","MIX 3","0","0"
"7004","VACANT","","","0","0"
"JF24","HARSONO PRINC GODREJ","63","PT GODREJ INDONESIA","0","0"
"SMR","RINA","63","PT GODREJ INDONESIA","0","0"
"WID","NDARI","63","PT GODREJ INDONESIA","0","0"
"JF21","NASIS BUDIYANTO","63","PT GODREJ INDONESIA","0","0"
