id_principal,kode_principal,nama_principal,id_perusahaan,kode_perusahaan,nama_perusahaan
3,10,PT DAESANG AGUNG INDONESIA,1,BMM,PT Budimas Makmur Mulia
12,12,BEIERSDORF INDONESIA,2,TMP,PT TIGA MUTIARA PRIMA
34,123,Test TMP Trial Principal 2,9,,TIGA MUTIARA TEST
35,123,Test TMP Trial Principal 3,9,,TIGA MUTIARA TEST
33,123,Test TMP Trial Principal 1,9,,TIGA MUTIARA TEST
66,13,PT. UNITED FAMILY FOOD,2,TMP,PT TIGA MUTIARA PRIMA
43,13,PT UNITAMA SARI MAS,2,TMP,PT TIGA MUTIARA PRIMA
7,17,PT SINAR SOSRO GUNUNG SLAMAT,1,BMM,PT Budimas Makmur Mulia
13,19,DARYA VARIA LABORATORIA TBK,2,TMP,PT TIGA MUTIARA PRIMA
62,22A,PT GREENFIELD INDONESIA,2,TMP,PT TIGA MUTIARA PRIMA
11,25,ASIA SAKTI WAHID FOODS MANUFACTURE,2,TMP,PT TIGA MUTIARA PRIMA
15,28,MONDELEZ INDONESIA TRADING,2,TMP,PT TIGA MUTIARA PRIMA
64,2806,PT.KRAFT ULTRAJAYA INDONESIA,2,TMP,PT TIGA MUTIARA PRIMA
31,5017SLSRT,PT.MULIA ARTA SEJATI,2,TMP,PT TIGA MUTIARA PRIMA
25,5017SLSRT,PT KELUARGA KITA SEMUA,2,TMP,PT TIGA MUTIARA PRIMA
29,5017SLSRT,ALLIGATOR,2,TMP,PT TIGA MUTIARA PRIMA
30,5017SLSRT,CV.CITRA BUANA CEMERLANG,2,TMP,PT TIGA MUTIARA PRIMA
32,5017SLSRT,VITABUMIN,2,TMP,PT TIGA MUTIARA PRIMA
9,60,PT NUTRIFOOD INDONESIA,1,BMM,PT Budimas Makmur Mulia
70,63,PT GODREJ CONSUMER PRODUCTS INDONESIA,1,BMM,PT Budimas Makmur Mulia
6,63,PT GODREJ DISTRIBUTION INDONESIA,1,BMM,PT Budimas Makmur Mulia
67,64,PT. PUSAN MANIS MULIA,2,TMP,PT TIGA MUTIARA PRIMA
10,70,PT PRISKILA PRIMA MAKMUR,1,BMM,PT Budimas Makmur Mulia
63,71,PT. FABER-CASTELL INTERNATIONAL INDONESIA,2,TMP,PT TIGA MUTIARA PRIMA
73,72,PT MASA ABADI PRATAMA ,2,TMP,PT TIGA MUTIARA PRIMA
75,73,PT DINUS CIPTA MANDIRI,1,BMM,PT Budimas Makmur Mulia
74,8993,PT.EASTON KALERIS INDONESIA,2,TMP,PT TIGA MUTIARA PRIMA
22,ABC,PT. ABC,1,BMM,PT Budimas Makmur Mulia
36,BYL1,TEST BYL 1,9,,TIGA MUTIARA TEST
4,DP,PT DOLPHIN FOOD  BEVERAGES INDUSTRY,1,BMM,PT Budimas Makmur Mulia
5,ET,PT ENERGIZER INDONESIA,1,BMM,PT Budimas Makmur Mulia
69,HC,PT ENSEVAL PUTERA MEGATRADING TBK,2,TMP,PT TIGA MUTIARA PRIMA
24,HP1,HORUS PRINCIPAL 1,1,BMM,PT Budimas Makmur Mulia
27,HP2,HORUS PRINCIPAL 2,1,BMM,PT Budimas Makmur Mulia
28,HP3,HORUS PRINCIPAL 3,1,BMM,PT Budimas Makmur Mulia
14,MFT-22,GREENFIELDS DAIRY INDONESIA,2,TMP,PT TIGA MUTIARA PRIMA
71,MPM,PT. MERPATI PUTIH MULIA,3,MPM,PT Merpati Putih Mulia
65,NU-GT,PT NIRAMAS UTAMA-GT,2,TMP,PT TIGA MUTIARA PRIMA
8,NU-MT,PT.NIRAMAS UTAMA-MT,1,BMM,PT Budimas Makmur Mulia
72,SM,PT SUARA MATAHARI TRADING,1,BMM,PT Budimas Makmur Mulia
37,test,Test TMP Trial Principal 5,9,,TIGA MUTIARA TEST
76,UF,PT. UNION CONFECTIONERY ,1,BMM,PT Budimas Makmur Mulia
68,ZI,PT.ZENSEI INDONESIA,2,TMP,PT TIGA MUTIARA PRIMA
