id_sales,kode_sales,nama_sales,id_cabang,kode_cabang,id_principal,kode_principal,id_perusahaan
142,121,LINE 1 ET : SEPTIYANI DU,5,SLO,5,ET,1
15,,Test Sales,5,SLO,,,
143,,LINE 2 ET : YOHAN TRI YULIANTO,5,SLO,5,ET,1
144,,LINE 3 ET : RAHMAWATI,5,SLO,5,ET,1
145,,LINE 4 ET : AGUS RIYADI,5,SLO,5,ET,1
218,,MUH YASIN,5,SLO,43,13,2
219,,MARSIH WIDAYATI,5,SLO,,,
220,,RUSLAN SUDARMONO,5,SLO,,,
221,,INDRA WAHYUDI HERMAWAN,5,SLO,,,
222,,TUMINI,5,SLO,74,8993,2
223,,SUGIYARTI,5,SLO,,,
224,,MARYATIK,5,SLO,43,13,2
225,,SITI RAHAYU,5,SLO,,,
226,,WIDIASARI,5,SLO,1,,
227,,DARMA SATRIA NEGARA,5,SLO,1,,
228,,ELY SUGIARTI.AMD,5,SLO,,,
230,,NOVITA ANGGRAINI,5,SLO,,,
232,,sda,5,SLO,22,ABC,1
