"kode","nama","alamat","telepon","npwp","no_rekening","pic","active"
"M1","MIX 1","DAHLIA,POPOKU,MAKARIZO 2, VIVELLE","","","","","1"
"M3","MIX 3","","","","","","0"
"19","PT.DAMAI SENTOSA COOKING OIL","SURABAYA","","","","","0"
"23","PT.BINTANG TOEDJOE","","","","","","0"
"13","PT UNITAMA SARI MAS","JL RAYA PLUIT BLOK S NO 3","0216680103/6622454","","","","0"
"25","PT.MUSTIKA HONGGONATA","","","","","","0"
"27","PT.KIMIA FARMA","JL.ADI SUCIPTO SOLO","","","","","0"
"28","PT.MONDELEZ INDONESIA TRADING","","","","","","1"
"GS","GLAXOSMITHKLINEHEALTHCARE INA","PO BOX 2876 JAKARTA 10001","","01.369.518.4-091.000","","IRFAN","0"
"14","PT.MAKARIZO","JAKARTA","","","","","0"
"15","PT. PARIT PADANG GLOBAT","JL.RAWA SUMUR II KAV BB NO.3 KAWASAN INDUSTRI PULO","02146834411","","","","0"
"12","PT.BEIERSDORF INDONESIA","BINA MULIA BUILDING II 3RD FLOOR JL.HR RASUNA SAID","0215201971","","","","1"
"UNI","PT.UNICAN","JAKARTA","","","","","0"
"17","PT.ALLIANCE COSMETICS","Gedung Wisma Argo Manunggal 7th Floor","+62-2152907230","","","","0"
"22","PT.AUSTASIA FOOD","","","","","","0"
"ZI","PT.ZENZIE INDONESIA","JAKARTA","","","","","0"
"M2","MIX 2","APL,MAKARIZO1","","","","","0"
"21","PT.DAMAI SENTOSA COOKING OIL","SURABAYA","","","","","0"
"22A","PT.AUSTASIA","","","","","","1"
"29","PT.NIRAMAS UTAMA","","","","","","0"
"20","PT.TJHINDATAMA MULIA","JL.KAYU BESAR V BLOK F NO.3 TEGAL ALUR KALIDERES","","","","","0"
"24","PT.INDOKARISMA PARVAIZ MAKMUR","RUKO SEDYU SQUARE BLOK B NO.33 JL.KAMAL OUTERING","","","","","0"
"30","CV.ARIRA PANGINDO","JL.SUKARAJA 51 CILUAR BOGOR","0251 8664267","","","","0"
"MFT","MIX FOODTMP","FOOD","","","","","1"
"31","PT KELUARGA KITA SEMUA","GD PLAZA ASIA LT 23 ZONA A JL JEN SUDIRMAN SENAYAN","","","","","0"
