"Kode","Nama","Active","Principle","Jenis","KodePrinciple","NamaPrinciple"
"2402203","AA GINSENG MASK 80 GR","0","M2","GOOD","24","PT REMS SURABAYA"
"2402203_BD","AA GINSENG MASK 80 GR","0","M2","BAD","24","PT REMS SURABAYA"
"2402206","AA MOISTURIZER 45ML","0","M2","GOOD","24","PT REMS SURABAYA"
"2402206_BD","AA MOISTURIZER 45ML","0","M2","BAD","24","PT REMS SURABAYA"
"2402201","AA PEMBERSIH SARI GINSENG 150 ML","0","M2","GOOD","24","PT REMS SURABAYA"
"2402201_BD","AA PEMBERSIH SARI GINSENG 150 ML","0","M2","BAD","24","PT REMS SURABAYA"
"2402202","AA PENYEGAR SARI GINSENG 150 ML","0","M2","GOOD","24","PT REMS SURABAYA"
"2402202_BD","AA PENYEGAR SARI GINSENG 150 ML","0","M2","BAD","24","PT REMS SURABAYA"
"2402302_BD","AC FACE MASK/MASKER JERAWAT 80G","0","M2","BAD","24","PT REMS SURABAYA"
"2402302","AC FACE MASK/MASKER JERAWAT 80GR","0","M2","GOOD","24","PT REMS SURABAYA"
"2402304_BD","AC FACE POWDER 30 GR","0","M2","BAD","24","PT REMS SURABAYA"
"2402303","AC LOTION / LOTION JERAWAT 45 ML","0","M2","GOOD","24","PT REMS SURABAYA"
"2402303_BD","AC LOTION / LOTION JERAWAT 45 ML","0","M2","BAD","24","PT REMS SURABAYA"
"2402304","ACNE FACE POWDER 30 GR","0","M2","GOOD","24","PT REMS SURABAYA"
"2406001","ACNE FACIAL WASH SBN CAIR 150GR","0","M2","GOOD","24","PT REMS SURABAYA"
"2406001_BD","ACNE FACIAL WASH SBN CAIR 150GR","0","M2","BAD","24","PT REMS SURABAYA"
"2402306","ACNE FOUNDATION 50GR","0","M2","GOOD","24","PT REMS SURABAYA"
"2401101","AIR MAWAR 150 ML","0","M2","GOOD","24","PT REMS SURABAYA"
"2401101_BD","AIR MAWAR 150 ML","0","M2","BAD","24","PT REMS SURABAYA"
"2850929","AKU AYU CREAMBATH ALOE PLASTIK","0","M2","GOOD","28","PT.CIPTA KARYA UTAMA"
"2850928","AKU AYU CREAMBATH AVOCADO PLASTIK","0","M2","GOOD","28","PT.CIPTA KARYA UTAMA"
"2850927","AKU AYU CREAMBATH GINSENG PLASTIK","0","M2","GOOD","28","PT.CIPTA KARYA UTAMA"
"2815917","AKU AYU LM BENGKOANG PLASTIK","0","M2","GOOD","28","PT.CIPTA KARYA UTAMA"
"2815917_BD","AKU AYU LM BENGKOANG PLASTIK","0","M2","BAD","28","PT.CIPTA KARYA UTAMA"
"2803151","AKU AYU LM BENGKOANG PLASTIK 250GR","0","M2","GOOD","28","PT.CIPTA KARYA UTAMA"
"2815919","AKU AYU LM GREEN TEA PLASTIK 1KG","0","M2","GOOD","28","PT.CIPTA KARYA UTAMA"
"2803152","AKU AYU LM GREEN TEA PLASTIK 250GR","0","M2","GOOD","28","PT.CIPTA KARYA UTAMA"
"2815918","AKU AYU LM MILK PLASTIK 1KG","0","M2","GOOD","28","PT.CIPTA KARYA UTAMA"
"2815918_BD","AKU AYU LM MILK PLASTIK 1KG","0","M2","BAD","28","PT.CIPTA KARYA UTAMA"
"2815929","AKU AYU LM MUTIARA SEAWEED PLASTIK","0","M2","GOOD","28","PT.CIPTA KARYA UTAMA"
"2815929_BD","AKU AYU LM MUTIARA SEAWEED PLASTIK","0","M2","BAD","28","PT.CIPTA KARYA UTAMA"
"2803153","AKU AYU LP HERBAL SPA PLASTIK 250GR","0","M2","GOOD","28","PT.CIPTA KARYA UTAMA"
"2815920","AKU AYU LULUR PENGANTIN AR PLASTIK 1KG","0","M2","GOOD","28","PT.CIPTA KARYA UTAMA"
"2815930","AKU AYU MASSAGE CREAM GREEN TEA","0","M2","GOOD","28","PT.CIPTA KARYA UTAMA"
"2850921","AKU AYU MASSAGE CREAM PLASTIK","0","M2","GOOD","28","PT.CIPTA KARYA UTAMA"
"2850921_BD","AKU AYU MASSAGE CREAM PLASTIK","0","M2","BAD","28","PT.CIPTA KARYA UTAMA"
"2815922","Aku Ayu MC Aromatheraphy 1kg Plastik","0","M2","GOOD","28","PT.CIPTA KARYA UTAMA"
"2815921","Aku Ayu MC Milk 1 kg Plastik","0","M2","GOOD","28","PT.CIPTA KARYA UTAMA"
"32054026","ANTILIN 15 ML 5SHT/BOX","0","M2","GOOD","32","PT.TRESNO JOYO"
"2403003","ASSESORIS KUAS BA ISI 4","0","M2","GOOD","24","PT REMS SURABAYA"
"2403002","ASSESORIS KUAS RA ISI 5","0","M2","GOOD","24","PT REMS SURABAYA"
"2403001","ASSESORIS SPON ISI 2","0","M2","GOOD","24","PT REMS SURABAYA"
"32054014","BALJITOT TJ 20 GR","0","M2","GOOD","32","PT.TRESNO JOYO"
"32054014_BD","BALJITOT TJ 20 GR","0","M2","BAD","32","PT.TRESNO JOYO"
"32054015","BALJITOT TJ 40 GR","0","M2","GOOD","32","PT.TRESNO JOYO"
"32054015_BD","BALJITOT TJ 40 GR","0","M2","BAD","32","PT.TRESNO JOYO"
"32054011","BALSEM TELON T J 10 GR","0","M2","GOOD","32","PT.TRESNO JOYO"
"32054012","BALSEM TELON T J 20 GR","0","M2","GOOD","32","PT.TRESNO JOYO"
"32054012_BD","BALSEM TELON T J 20 GR","0","M2","BAD","32","PT.TRESNO JOYO"
"32054013","BALSEM TELON TJ 40 GR","0","M2","GOOD","32","PT.TRESNO JOYO"
"32054013_BD","BALSEM TELON TJ 40 GR","0","M2","BAD","32","PT.TRESNO JOYO"
"32054054","BANDED BALJITOT TJ 20 GR","0","M2","GOOD","32","PT.TRESNO JOYO"
"32054054_BD","BANDED BALJITOT TJ 20 GR","0","M2","BAD","32","PT.TRESNO JOYO"
"32054055","BANDED BALJITOT TJ 40GR","0","M2","GOOD","32","PT.TRESNO JOYO"
"32054052","BANDED BALSEM TELON TJ 20GR","0","M2","GOOD","32","PT.TRESNO JOYO"
"32054053","BANDED BALSEM TELON TJ 40GR","0","M2","GOOD","32","PT.TRESNO JOYO"
"32054057","BANDED M.KAYU PUTIH LOS TJ 120ML","0","M2","GOOD","32","PT.TRESNO JOYO"
"32054056","BANDED M.KAYU PUTIH LOS TJ 60ML","0","M2","GOOD","32","PT.TRESNO JOYO"
"32054046","BANDED M.TELON TJ 100","0","M2","GOOD","32","PT.TRESNO JOYO"
"32054045","BANDED M.TELON TJ 60 ML","0","M2","GOOD","32","PT.TRESNO JOYO"
"32054045_BD","BANDED M.TELON TJ 60 ML","0","M2","BAD","32","PT.TRESNO JOYO"
"32054049","BANDED MADU MURNI 250 ML","0","M2","GOOD","32","PT.TRESNO JOYO"
"32054049_BD","BANDED MADU MURNI 250 ML","0","M2","BAD","32","PT.TRESNO JOYO"
"32054050","BANDED MADU SUPER 250 ML","0","M2","GOOD","32","PT.TRESNO JOYO"
"32054050_BD","BANDED MADU SUPER 250 ML","0","M2","BAD","32","PT.TRESNO JOYO"
"32054048","BANDED MINYAK TELON  PLUS TJ 100ML","0","M2","GOOD","32","PT.TRESNO JOYO"
"32054047","BANDED MINYAK TELON PLUS TJ 60ML","0","M2","GOOD","32","PT.TRESNO JOYO"
"32054051","BANDED RELAXATION AR 10ML","0","M2","GOOD","32","PT.TRESNO JOYO"
"2401404","BEDAK KOCOK KL 150 ML","0","M2","GOOD","24","PT REMS SURABAYA"
"2401404_BD","BEDAK KOCOK KL 150 ML","0","M2","BAD","24","PT REMS SURABAYA"
"2401405","BEDAK KOCOK KS 150 ML","0","M2","GOOD","24","PT REMS SURABAYA"
"2401405_BD","BEDAK KOCOK KS 150 ML","0","M2","BAD","24","PT REMS SURABAYA"
"2401406","BEDAK KOCOK NATURAL 150 ML","0","M2","GOOD","24","PT REMS SURABAYA"
"2401406_BD","BEDAK KOCOK NATURAL 150 ML","0","M2","BAD","24","PT REMS SURABAYA"
"2401408","BEDAK PERMATA BULAN 35 GR","0","M2","GOOD","24","PT REMS SURABAYA"
"2401408_BD","BEDAK PERMATA BULAN 35 GR","0","M2","BAD","24","PT REMS SURABAYA"
"2401407","BEDAK PERMATA LAUT 35 GR","0","M2","GOOD","24","PT REMS SURABAYA"
"2401407_BD","BEDAK PERMATA LAUT 35 GR","0","M2","BAD","24","PT REMS SURABAYA"
"2401442","BEDAK PERMATA MUSTIKA 35GR","0","M2","GOOD","24","PT REMS SURABAYA"
"2401442_BD","BEDAK PERMATA MUSTIKA 35GR","0","M2","BAD","24","PT REMS SURABAYA"
"2401409","BEDAK TABUR KL 30 GR","0","M2","GOOD","24","PT REMS SURABAYA"
"2401409_BD","BEDAK TABUR KL 30 GR","0","M2","BAD","24","PT REMS SURABAYA"
"2401411","BEDAK TABUR KP 30 GR","0","M2","GOOD","24","PT REMS SURABAYA"
"2401411_BD","BEDAK TABUR KP 30 GR","0","M2","BAD","24","PT REMS SURABAYA"
"2401410","BEDAK TABUR KS 30 GR","0","M2","GOOD","24","PT REMS SURABAYA"
"2401410_BD","BEDAK TABUR KS 30 GR","0","M2","BAD","24","PT REMS SURABAYA"
"2401412","BEDAK TABUR NATURAL 30 GR","0","M2","GOOD","24","PT REMS SURABAYA"
"2401412_BD","BEDAK TABUR NATURAL 30 GR","0","M2","BAD","24","PT REMS SURABAYA"
"2404120","BIO AHA AA  CLEANS GEL 100 ML","0","M2","GOOD","24","PT REMS SURABAYA"
"2404120_BD","BIO AHA AA  CLEANS GEL 100 ML","0","M2","BAD","24","PT REMS SURABAYA"
"2404119","BIO AHA AA CLEANS TONER 100 ML","0","M2","GOOD","24","PT REMS SURABAYA"
"2404119_BD","BIO AHA AA CLEANS TONER 100 ML","0","M2","BAD","24","PT REMS SURABAYA"
"2404114","BIO AHA AA COLLAGEN EYE GEL  15GR","0","M2","GOOD","24","PT REMS SURABAYA"
"2404114_BD","BIO AHA AA COLLAGEN EYE GEL  15GR","0","M2","BAD","24","PT REMS SURABAYA"
"2404115","BIO AHA AA MOIST GEL 100GR","0","M2","GOOD","24","PT REMS SURABAYA"
"2404115_BD","BIO AHA AA MOIST GEL 100GR","0","M2","BAD","24","PT REMS SURABAYA"
"2404203","BIO AHA AA MOISTURIZER GEL 60","0","M2","GOOD","24","PT REMS SURABAYA"
"2404203_BD","BIO AHA AA MOISTURIZER GEL 60","0","M2","BAD","24","PT REMS SURABAYA"
"2404116_BD","BIO AHA AA REJUV MASK GEL 50","0","M2","BAD","24","PT REMS SURABAYA"
"2404116","BIO AHA AA REJUV MASK GEL 50GR","0","M2","GOOD","24","PT REMS SURABAYA"
"2404117","BIO AHA AA REJUV NIGHT CREAM 30GR","0","M2","GOOD","24","PT REMS SURABAYA"
"2404117_BD","BIO AHA AA REJUV NIGHT CREAM 30GR","0","M2","BAD","24","PT REMS SURABAYA"
"2404118","BIO AHA AA SUN BLOCK 50GR","0","M2","GOOD","24","PT REMS SURABAYA"
"2404118_BD","BIO AHA AA SUN BLOCK 50GR","0","M2","BAD","24","PT REMS SURABAYA"
"2404125","BIO AHA ACNE CREAM 15 GR","0","M2","GOOD","24","PT REMS SURABAYA"
"2404125_BD","BIO AHA ACNE CREAM 15 GR","0","M2","BAD","24","PT REMS SURABAYA"
"2404124","BIO AHA ACNE FACIAL WASH TRICLOSAN 100ML","0","M2","GOOD","24","PT REMS SURABAYA"
"2404124_BD","BIO AHA ACNE FACIAL WASH TRICLOSAN 100ML","0","M2","BAD","24","PT REMS SURABAYA"
"2404126","BIO AHA ACNE LOTION 60","0","M2","GOOD","24","PT REMS SURABAYA"
"2404126_BD","BIO AHA ACNE LOTION 60","0","M2","BAD","24","PT REMS SURABAYA"
"2404223","BIO AHA ACNE POWDER 30GR","0","M2","GOOD","24","PT REMS SURABAYA"
"2404223_BD","BIO AHA ACNE POWDER 30GR","0","M2","BAD","24","PT REMS SURABAYA"
"2404123","BIO AHA ACNE SUN BLOCK 50 GR","0","M2","GOOD","24","PT REMS SURABAYA"
"2404123_BD","BIO AHA ACNE SUN BLOCK 50 GR","0","M2","BAD","24","PT REMS SURABAYA"
"2404224","BIO AHA FACE MASK(TOPENG)","0","M2","GOOD","24","PT REMS SURABAYA"
"2404224_BD","BIO AHA FACE MASK(TOPENG)","0","M2","BAD","24","PT REMS SURABAYA"
"2404128","BIO AHA P. ALIS COKLAT (SILVER)","0","M2","GOOD","24","PT REMS SURABAYA"
"2404128_BD","BIO AHA P. ALIS COKLAT (SILVER)","0","M2","BAD","24","PT REMS SURABAYA"
"2404127","BIO AHA P. ALIS HITAM (SILVER)","0","M2","GOOD","24","PT REMS SURABAYA"
"2404127_BD","BIO AHA P. ALIS HITAM (SILVER)","0","M2","BAD","24","PT REMS SURABAYA"
"2401220","BIO AHA SILKY SHADOW BL-01","0","M2","GOOD","24","PT REMS SURABAYA"
"2401220_BD","BIO AHA SILKY SHADOW BL-01","0","M2","BAD","24","PT REMS SURABAYA"
"2401221","BIO AHA SILKY SHADOW BR-04","0","M2","GOOD","24","PT REMS SURABAYA"
"2401221_BD","BIO AHA SILKY SHADOW BR-04","0","M2","BAD","24","PT REMS SURABAYA"
"2401222","BIO AHA SILKY SHADOW GR-02","0","M2","GOOD","24","PT REMS SURABAYA"
"2401222_BD","BIO AHA SILKY SHADOW GR-02","0","M2","BAD","24","PT REMS SURABAYA"
"2401223","BIO AHA SILKY SHADOW PR 03","0","M2","GOOD","24","PT REMS SURABAYA"
"2401223_BD","BIO AHA SILKY SHADOW PR 03","0","M2","BAD","24","PT REMS SURABAYA"
"2404147","BIO AHA TAC BE-03","0","M2","GOOD","24","PT REMS SURABAYA"
"2404147_BD","BIO AHA TAC BE-03 (DB)","0","M2","BAD","24","PT REMS SURABAYA"
"2404148","BIO AHA TAC IV-01","0","M2","GOOD","24","PT REMS SURABAYA"
"2404148_BD","BIO AHA TAC IV-01 (DB)","0","M2","BAD","24","PT REMS SURABAYA"
"2404146","BIO AHA TAC NT 05","0","M2","GOOD","24","PT REMS SURABAYA"
"2404146_BD","BIO AHA TAC NT 05","0","M2","BAD","24","PT REMS SURABAYA"
"2404144","BIO AHA UV CAKE BE 04","0","M2","GOOD","24","PT REMS SURABAYA"
"2404144_BD","BIO AHA UV CAKE BE 04","0","M2","BAD","24","PT REMS SURABAYA"
"2404145","BIO AHA UV CAKE IV 02","0","M2","GOOD","24","PT REMS SURABAYA"
"2404145_BD","BIO AHA UV CAKE IV 02","0","M2","BAD","24","PT REMS SURABAYA"
"2404143","BIO AHA UV CAKE NT 06","0","M2","GOOD","24","PT REMS SURABAYA"
"2404143_BD","BIO AHA UV CAKE NT 06","0","M2","BAD","24","PT REMS SURABAYA"
"2404102","BIO AHA WHITENING  CL TONER 100 ML","0","M2","GOOD","24","PT REMS SURABAYA"
"2404102_BD","BIO AHA WHITENING  CL TONER 100 ML","0","M2","BAD","24","PT REMS SURABAYA"
"2402150","BIO AHA WHITENING EXFOLLIANT 60ML","0","M2","GOOD","24","PT REMS SURABAYA"
"2402150_BD","BIO AHA WHITENING EXFOLLIANT 60ML","0","M2","BAD","24","PT REMS SURABAYA"
"2404103","BIO AHA WHITENING MOIST GEL 60ML","0","M2","GOOD","24","PT REMS SURABAYA"
"2404103_BD","BIO AHA WHITENING MOIST GEL 60ML","0","M2","BAD","24","PT REMS SURABAYA"
"2404111","BIO AHA WHT ESSENCE  NIGHT CREAM 30GR","0","M2","GOOD","24","PT REMS SURABAYA"
"2404111_BD","BIO AHA WHT ESSENCE  NIGHT CREAM 30GR","0","M2","BAD","24","PT REMS SURABAYA"
"2404106","BIO AHA WHT PEEL OFF MASK 50GR","0","M2","GOOD","24","PT REMS SURABAYA"
"2404106_BD","BIO AHA WHT PEEL OFF MASK 50GR","0","M2","BAD","24","PT REMS SURABAYA"
"2404113","BIO AHA WHT PW CAPSULCE 30GR","0","M2","GOOD","24","PT REMS SURABAYA"
"2404113_BD","BIO AHA WHT PW CAPSULCE 30GR","0","M2","BAD","24","PT REMS SURABAYA"
"2404107_BD","BIO AHA WHT SUN BLOCK 50GR","0","M2","BAD","24","PT REMS SURABAYA"
"2404107","BIO AHA WHT SUNSCREEN 50GR","0","M2","GOOD","24","PT REMS SURABAYA"
"2404101","BIO AHA WHTINING  CLEAN  GEL 100 ML","0","M2","GOOD","24","PT REMS SURABAYA"
"2404101_BD","BIO AHA WHTINING  CLEAN  GEL 100 ML","0","M2","BAD","24","PT REMS SURABAYA"
"2402205","BIOKOS AA GINSENG NIGHT CREAM 30 ML","0","M2","GOOD","24","PT REMS SURABAYA"
"2402205_BD","BIOKOS AA GINSENG NIGHT CREAM 30 ML","0","M2","BAD","24","PT REMS SURABAYA"
"2402204","BIOKOS AA MOIST SUN BLOCK 45 ML","0","M2","GOOD","24","PT REMS SURABAYA"
"2402204_BD","BIOKOS AA MOIST SUN BLOCK 45 ML","0","M2","BAD","24","PT REMS SURABAYA"
"2402106","BIOKOS WHITENING CREAM 30 GR","0","M2","GOOD","24","PT REMS SURABAYA"
"2402106_BD","BIOKOS WHITENING CREAM 30 GR","0","M2","BAD","24","PT REMS SURABAYA"
"2402104","BIOKOS WHITENING MASK 80 GR","0","M2","GOOD","24","PT REMS SURABAYA"
"2402104_BD","BIOKOS WHITENING MASK 80 GR","0","M2","BAD","24","PT REMS SURABAYA"
"2402110","BIOKOS WHITENING SUN BLOCK 50GR","0","M2","GOOD","24","PT REMS SURABAYA"
"2402110_BD","BIOKOS WHITENING SUN BLOCK 50GR","0","M2","BAD","24","PT REMS SURABAYA"
"2402103","BIOKOS WHT FACIAL SCRUB 80 GR","0","M2","GOOD","24","PT REMS SURABAYA"
"2402103_BD","BIOKOS WHT FACIAL SCRUB 80 GR","0","M2","BAD","24","PT REMS SURABAYA"
"2404112","BIOSOFT FOOT CREAM 50GR","0","M2","GOOD","24","PT REMS SURABAYA"
"2404112_BD","BIOSOFT FOOT CREAM 50GR","0","M2","BAD","24","PT REMS SURABAYA"
"2404860","BIOSOFT WHT VANISHING FACE CARE","0","M2","GOOD","24","PT REMS SURABAYA"
"2404860_BD","BIOSOFT WHT VANISHING FACE CARE","0","M2","BAD","24","PT REMS SURABAYA"
"2403109","BODY LOTION  AR GREEN TEA 600 ML","0","M2","GOOD","24","PT REMS SURABAYA"
"2403109_BD","BODY LOTION  AR GREEN TEA 600 ML","0","M2","BAD","24","PT REMS SURABAYA"
"2403106","BODY LOTION  AR LAVENDER 600 ML","0","M2","GOOD","24","PT REMS SURABAYA"
"2403106_BD","BODY LOTION  AR LAVENDER 600 ML","0","M2","BAD","24","PT REMS SURABAYA"
"2403107","BODY LOTION  AR ROSE 600 ML","0","M2","GOOD","24","PT REMS SURABAYA"
"2403107_BD","BODY LOTION  AR ROSE 600 ML","0","M2","BAD","24","PT REMS SURABAYA"
"2403108","BS AR HERBS 600 ML","0","M2","GOOD","24","PT REMS SURABAYA"
"2403108_BD","BS AR HERBS 600 ML","0","M2","BAD","24","PT REMS SURABAYA"
"5701024","BSGB SHW GEL COCONUT VAN 100ML","0","M2","GOOD","57","PT.JAVINCI BERKAT KREATIF SENT"
"5701030","BSGB SHW GEL COCONUT VAN 250ML","0","M2","GOOD","57","PT.JAVINCI BERKAT KREATIF SENT"
"5701026","BSGG SHW GEL 250M MELON KIWI","0","M2","GOOD","57","PT.JAVINCI BERKAT KREATIF SENT"
"5701020","BSGG SHW GEL MELON KIWI 100ML","0","M2","GOOD","57","PT.JAVINCI BERKAT KREATIF SENT"
"5701027","BSGO SHW GEL 250M SWEET ORANGE","0","M2","GOOD","57","PT.JAVINCI BERKAT KREATIF SENT"
"5701021","BSGO SHW GEL SWEET ORANGE 100ML","0","M2","GOOD","57","PT.JAVINCI BERKAT KREATIF SENT"
"5701028","BSGP SHW GEL 250M JAPANESE CHERY","0","M2","GOOD","57","PT.JAVINCI BERKAT KREATIF SENT"
"5701022","BSGP SHW GEL JAPANES CHERY 100ML","0","M2","GOOD","57","PT.JAVINCI BERKAT KREATIF SENT"
"5701025","BSGR SHW GEL RASPBERY 250ML","0","M2","GOOD","57","PT.JAVINCI BERKAT KREATIF SENT"
"5701019","BSGR SHW GEL RASPBERY KISS 100ML","0","M2","GOOD","57","PT.JAVINCI BERKAT KREATIF SENT"
"5701023","BSGY SHW GEL ENERGY LEMON 100ML","0","M2","GOOD","57","PT.JAVINCI BERKAT KREATIF SENT"
"5701029","BSGY SHW GEL ENERGY LEMON 250M","0","M2","GOOD","57","PT.JAVINCI BERKAT KREATIF SENT"
"5701017","BWMI BB BODY LOT MILKY 100ML","0","M2","GOOD","57","PT.JAVINCI BERKAT KREATIF SENT"
"5701016","BWMU BB BODY LOTION MUSK 100ML","0","M2","GOOD","57","PT.JAVINCI BERKAT KREATIF SENT"
"5701018","BWSI BB BODY LOT SILKY 100ML","0","M2","GOOD","57","PT.JAVINCI BERKAT KREATIF SENT"
"5501003","CHARMI COTTON BUD 125SP 540K/CT","0","M2","GOOD","55","PT.CHARMINDO MITRA RAHARJA"
"5501004","CHARMI COTTON BUD 127 ART 576/CT","0","M2","GOOD","55","PT.CHARMINDO MITRA RAHARJA"
"5501005","CHARMI COTTON BUD 127SP 576/CT","0","M2","GOOD","55","PT.CHARMINDO MITRA RAHARJA"
"5501002","CHARMI COTTON BUDS 125 ART 540/CT","0","M2","GOOD","55","PT.CHARMINDO MITRA RAHARJA"
"5501001","CHARMI COTTON BUDS 133 ART  540/CT","0","M2","GOOD","55","PT.CHARMINDO MITRA RAHARJA"
"5501021","CHARMI DENTAL FLOSS &PICK PACK 188","0","M2","GOOD","55","PT.CHARMINDO MITRA RAHARJA"
"5501018","CHARMI DENTAL FLOSS 182   180/CT","0","M2","GOOD","55","PT.CHARMINDO MITRA RAHARJA"
"5501022","CHARMI DENTAL FLOSS&PICK 189 288/CT","0","M2","GOOD","55","PT.CHARMINDO MITRA RAHARJA"
"5501019","CHARMI DENTAL TOOTH PICK &BRUSH 186A 672/CT","0","M2","GOOD","55","PT.CHARMINDO MITRA RAHARJA"
"5501020","CHARMI DENTAL TOOTH PICK&BRUSH 186  192/CT","0","M2","GOOD","55","PT.CHARMINDO MITRA RAHARJA"
"5501006","CHARMI STIK PLASTIK EARPICK POT 185 576/CT","0","M2","GOOD","55","PT.CHARMINDO MITRA RAHARJA"
"2404122","CLEANS GEL ANTI AGING 200","0","M2","GOOD","24","PT REMS SURABAYA"
"2404121","CLEANS TONER ANTI AGING 200","0","M2","GOOD","24","PT REMS SURABAYA"
"2404121_BD","CLEANS TONER ANTI AGING 200","0","M2","BAD","24","PT REMS SURABAYA"
"2401436","COMPACT PWDR BIVORY 15 GR","0","M2","GOOD","24","PT REMS SURABAYA"
"2401436_BD","COMPACT PWDR BIVORY 15 GR","0","M2","BAD","24","PT REMS SURABAYA"
"2401437","COMPACT PWDR F OLIVE 15 GR","0","M2","GOOD","24","PT REMS SURABAYA"
"2401437_BD","COMPACT PWDR F OLIVE 15 GR","0","M2","BAD","24","PT REMS SURABAYA"
"2401438","COMPACT PWDR W NATURAL 15 GR","0","M2","GOOD","24","PT REMS SURABAYA"
"2401438_BD","COMPACT PWDR W NATURAL 15 GR","0","M2","BAD","24","PT REMS SURABAYA"
"2401439","COMPACT PWDR W TROP 15 GR","0","M2","GOOD","24","PT REMS SURABAYA"
"2401439_BD","COMPACT PWDR W TROP 15 GR","0","M2","BAD","24","PT REMS SURABAYA"
"2401301","CONDITIONER PROTEIN 150 ML","0","M2","GOOD","24","PT REMS SURABAYA"
"2401301_BD","CONDITIONER PROTEIN 150 ML","0","M2","BAD","24","PT REMS SURABAYA"
"5701031","COTTON BALL 100S","0","M2","GOOD","55","PT.CHARMINDO MITRA RAHARJA"
"5501016","COTTON TIPPED DEWASA  PAK 88S 864/CT","0","M2","GOOD","55","PT.CHARMINDO MITRA RAHARJA"
"5501024","COTTON TIPPED PAK 48  1296/CT","0","M2","GOOD","55","PT.CHARMINDO MITRA RAHARJA"
"5501026","COTTON TIPPED PAK 50 BABY 1728/CT","0","M2","GOOD","55","PT.CHARMINDO MITRA RAHARJA"
"5501025","COTTON TIPPED PAK 75 L33 W 1728/CT","0","M2","GOOD","55","PT.CHARMINDO MITRA RAHARJA"
"5501008","DR.KANG ADULT DIAPERS L8 8/CT","0","M2","GOOD","55","PT.CHARMINDO MITRA RAHARJA"
"5501007","DR.KANG ADULT DIAPERS M8 10/CT","0","M2","GOOD","55","PT.CHARMINDO MITRA RAHARJA"
"5501007_BD","DR.KANG ADULT DIAPERS M8 10/CT","0","M2","BAD","55","PT.CHARMINDO MITRA RAHARJA"
"5501017","DR.KANG ADULT DIAPERS XL-8 8/CT","0","M2","GOOD","55","PT.CHARMINDO MITRA RAHARJA"
"5501009","DR.KANG ADULT DIAPERS XXL8 8/CT","0","M2","GOOD","55","PT.CHARMINDO MITRA RAHARJA"
"5501010","DR.KANG ADULT PANT L3 34/CT","0","M2","GOOD","55","PT.CHARMINDO MITRA RAHARJA"
"5501011","DR.KANG ADULT PANT XL3 30/CT","0","M2","GOOD","55","PT.CHARMINDO MITRA RAHARJA"
"5501014","DR.KANG MATERNITY 16X37.5 40/CT","0","M2","GOOD","55","PT.CHARMINDO MITRA RAHARJA"
"5501012","DR.KANG PANTZ L8 12/CT","0","M2","GOOD","55","PT.CHARMINDO MITRA RAHARJA"
"5501013","DR.KANG PANTZ XL8 10/CT","0","M2","GOOD","55","PT.CHARMINDO MITRA RAHARJA"
"5501015","DR.KANG UDERPAD L10 12/CT","0","M2","GOOD","55","PT.CHARMINDO MITRA RAHARJA"
"2404129","E/S BIO AHA ESB 091","0","M2","GOOD","24","PT REMS SURABAYA"
"2404129_BD","E/S BIO AHA ESB 091","0","M2","BAD","24","PT REMS SURABAYA"
"2404130","E/S BIO AHA ESG 101","0","M2","GOOD","24","PT REMS SURABAYA"
"2404131","E/S BIO AHA ESM 081","0","M2","GOOD","24","PT REMS SURABAYA"
"2404132","E/S BIO AHA ESP 071","0","M2","GOOD","24","PT REMS SURABAYA"
"2401413","EYE SHADOW BARAGA 4 GR","0","M2","GOOD","24","PT REMS SURABAYA"
"2401413_BD","EYE SHADOW BARAGA 4 GR","0","M2","BAD","24","PT REMS SURABAYA"
"2401414","EYE SHADOW HIJAU 4 GR","0","M2","GOOD","24","PT REMS SURABAYA"
"2401414_BD","EYE SHADOW HIJAU 4 GR","0","M2","BAD","24","PT REMS SURABAYA"
"2401415","EYE SHADOW LEMBAYUNG 4 GR","0","M2","GOOD","24","PT REMS SURABAYA"
"2401415_BD","EYE SHADOW LEMBAYUNG 4 GR","0","M2","BAD","24","PT REMS SURABAYA"
"2401416","EYE SHADOW MAGENTA 4 GR","0","M2","GOOD","24","PT REMS SURABAYA"
"2401416_BD","EYE SHADOW MAGENTA 4 GR","0","M2","BAD","24","PT REMS SURABAYA"
"2401481","EYE SHADOW VIOLET 4 GR","0","M2","GOOD","24","PT REMS SURABAYA"
"2401481_BD","EYE SHADOW VIOLET 4 GR","0","M2","BAD","24","PT REMS SURABAYA"
"2401460","EYE&LIP MAKE UP REMOVER","0","M2","GOOD","24","PT REMS SURABAYA"
"2401460_BD","EYE&LIP MAKE UP REMOVER","0","M2","BAD","24","PT REMS SURABAYA"
"2401447","EYELINER DUO BLACK 4ML","0","M2","GOOD","24","PT REMS SURABAYA"
"2401447_BD","EYELINER DUO BLACK 4ML","0","M2","BAD","24","PT REMS SURABAYA"
"2401448","EYELINER DUO BROWN 4ML","0","M2","GOOD","24","PT REMS SURABAYA"
"2401448_BD","EYELINER DUO BROWN 4ML","0","M2","BAD","24","PT REMS SURABAYA"
"2401449","EYELINER LIQUID BLACK 7ML","0","M2","GOOD","24","PT REMS SURABAYA"
"2401449_BD","EYELINER LIQUID BLACK 7ML","0","M2","BAD","24","PT REMS SURABAYA"
"5701032","GMCB GOAT MILK 250ML H&B CHERY BLOSOM","0","M2","GOOD","57","PT.JAVINCI BERKAT KREATIF SENT"
"5701033","GMPI GOAT MILK 250ML H&B PARADISE ISLAND","0","M2","GOOD","57","PT.JAVINCI BERKAT KREATIF SENT"
"5701034","GMPR GOAT MILK 250ML H&B PURPLE ROMANCE","0","M2","GOOD","57","PT.JAVINCI BERKAT KREATIF SENT"
"2404172","GOLDEN SERIES CELAK MATA COKLAT","0","M2","GOOD","24","PT REMS SURABAYA"
"2404172_BD","GOLDEN SERIES CELAK MATA COKLAT","0","M2","BAD","24","PT REMS SURABAYA"
"2404173","GOLDEN SERIES CELAK MATA HTM","0","M2","GOOD","24","PT REMS SURABAYA"
"2404173_BD","GOLDEN SERIES CELAK MATA HTM","0","M2","BAD","24","PT REMS SURABAYA"
"2401308","HAIR TONIC 600 ML","0","M2","GOOD","24","PT REMS SURABAYA"
"2401308_BD","HAIR TONIC 600 ML","0","M2","BAD","24","PT REMS SURABAYA"
"2403102","HARI TONIC AR 600 ML","0","M2","GOOD","24","PT REMS SURABAYA"
"32054031","JOYBEE M.K 125 ML ORANGE","0","M2","GOOD","32","PT.TRESNO JOYO"
"32054032","JOYBEE M.K 125 ML STRAW","0","M2","GOOD","32","PT.TRESNO JOYO"
"32054032_BD","JOYBEE M.K 125 ML STRAW","0","M2","BAD","32","PT.TRESNO JOYO"
"32054029","JOYBEE M.K 75 ML ORANGE","0","M2","GOOD","32","PT.TRESNO JOYO"
"32054030","JOYBEE M.K 75 ML STRAW","0","M2","GOOD","32","PT.TRESNO JOYO"
"32054030_BD","JOYBEE M.K 75 ML STRAW","0","M2","BAD","32","PT.TRESNO JOYO"
"32054027","JOYBEE M.K SCH ORANGE 5X15ML","0","M2","GOOD","32","PT.TRESNO JOYO"
"32054028","JOYBEE M.K SCH STRAW 5X15ML","0","M2","GOOD","32","PT.TRESNO JOYO"
"32054028_BD","JOYBEE M.K SCH STRAW 5X15ML","0","M2","BAD","32","PT.TRESNO JOYO"
"32054031_BD","JOYBEE MK 125 ML ORANGE","0","M2","BAD","32","PT.TRESNO JOYO"
"32054029_BD","JOYBEE MK 75 ML ORANGE","0","M2","BAD","32","PT.TRESNO JOYO"
"2401102","KRIM MINYAK BULUS 30 GR","0","M2","GOOD","24","PT REMS SURABAYA"
"2401102_BD","KRIM MINYAK BULUS 30 GR","0","M2","BAD","24","PT REMS SURABAYA"
"2401433","KRIM MUTIARA IVORY 12.5GR","0","M2","GOOD","24","PT REMS SURABAYA"
"2401433_BD","KRIM MUTIARA IVORY 12.5GR","0","M2","BAD","24","PT REMS SURABAYA"
"2401434","KRIM MUTIARA KL 12.5 GR","0","M2","GOOD","24","PT REMS SURABAYA"
"2401434_BD","KRIM MUTIARA KL 12.5 GR","0","M2","BAD","24","PT REMS SURABAYA"
"2401435","KRIM MUTIARA NATURAL 12.5 GR","0","M2","GOOD","24","PT REMS SURABAYA"
"2401435_BD","KRIM MUTIARA NATURAL 12.5 GR","0","M2","BAD","24","PT REMS SURABAYA"
"32054041","KUNIR ASEM 25 GR 5 SCH/BOX","0","M2","GOOD","32","PT.TRESNO JOYO"
"32054041_BD","KUNIR ASEM 25 GR 5 SCH/BOX","0","M2","BAD","32","PT.TRESNO JOYO"
"2805914","Lamb Body Massage With Milk","0","M2","GOOD","28","PT.CIPTA KARYA UTAMA"
"32054042","LANGSING KAPSUL 400MG 4S/DOS","0","M2","GOOD","32","PT.TRESNO JOYO"
"32054042_BD","LANGSING KAPSUL 400MG 4S/DOS","0","M2","BAD","32","PT.TRESNO JOYO"
"2401424","LILIN PIDIH POT HIJAU 30 GR","0","M2","GOOD","24","PT REMS SURABAYA"
"2401424_BD","LILIN PIDIH POT HIJAU 30 GR","0","M2","BAD","24","PT REMS SURABAYA"
"2401425","LILIN PIDIH POT HITAM 30 GR","0","M2","GOOD","24","PT REMS SURABAYA"
"2401425_BD","LILIN PIDIH POT HITAM 30 GR","0","M2","BAD","24","PT REMS SURABAYA"
"2401422","LILIN PIDIH STICK HIJAU 4 GR","0","M2","GOOD","24","PT REMS SURABAYA"
"2401422_BD","LILIN PIDIH STICK HIJAU 4 GR","0","M2","BAD","24","PT REMS SURABAYA"
"2401423","LILIN PIDIH STICK HITAM 4 GR","0","M2","GOOD","24","PT REMS SURABAYA"
"2401423_BD","LILIN PIDIH STICK HITAM 4 GR","0","M2","BAD","24","PT REMS SURABAYA"
"2401506","LIP LINER MERAH 4 GR","0","M2","GOOD","24","PT REMS SURABAYA"
"2401529","LIPS EX MALAM MINGGU 4GR","0","M2","GOOD","24","PT REMS SURABAYA"
"2401529_BD","LIPS EX MALAM MINGGU 4GR","0","M2","BAD","24","PT REMS SURABAYA"
"2401518_BD","LIPS EXCL SHINE 01","0","M2","BAD","24","PT REMS SURABAYA"
"2401518","LIPS EXCL SHINE 01 MARON","0","M2","GOOD","24","PT REMS SURABAYA"
"2401519_BD","LIPS EXCL SHINE 02","0","M2","BAD","24","PT REMS SURABAYA"
"2401519","LIPS EXCL SHINE 02 MARON","0","M2","GOOD","24","PT REMS SURABAYA"
"2401520_BD","LIPS EXCL SHINE 03","0","M2","BAD","24","PT REMS SURABAYA"
"2401520","LIPS EXCL SHINE 03 MARON","0","M2","GOOD","24","PT REMS SURABAYA"
"2401521_BD","LIPS EXCL SHINE 04","0","M2","BAD","24","PT REMS SURABAYA"
"2401521","LIPS EXCL SHINE 04 MARON","0","M2","GOOD","24","PT REMS SURABAYA"
"2401522_BD","LIPS EXCL SHINE 05","0","M2","BAD","24","PT REMS SURABAYA"
"2401522","LIPS EXCL SHINE 05 MARON","0","M2","GOOD","24","PT REMS SURABAYA"
"2401523_BD","LIPS EXCL SHINE 06","0","M2","BAD","24","PT REMS SURABAYA"
"2401523","LIPS EXCL SHINE 06 MARON","0","M2","GOOD","24","PT REMS SURABAYA"
"2401524_BD","LIPS EXCL SHINE 07","0","M2","BAD","24","PT REMS SURABAYA"
"2401524","LIPS EXCL SHINE 07 MARON","0","M2","GOOD","24","PT REMS SURABAYA"
"2401525_BD","LIPS EXCL SHINE 08","0","M2","BAD","24","PT REMS SURABAYA"
"2401525","LIPS EXCL SHINE 08 MARON","0","M2","GOOD","24","PT REMS SURABAYA"
"2401526_BD","LIPS EXCL SHINE 09","0","M2","BAD","24","PT REMS SURABAYA"
"2401526","LIPS EXCL SHINE 09 MARON","0","M2","GOOD","24","PT REMS SURABAYA"
"2401257_BD","LIPS EXCL SHINE 10","0","M2","BAD","24","PT REMS SURABAYA"
"2401527_BD","LIPS EXCL SHINE 10","0","M2","BAD","24","PT REMS SURABAYA"
"2401527","LIPS EXCL SHINE 10 MARON","0","M2","GOOD","24","PT REMS SURABAYA"
"2401560","LIPS MAGIC COLOR ALOEVERA 4 GR","0","M2","GOOD","24","PT REMS SURABAYA"
"2401560_BD","LIPS MAGIC COLOR ALOEVERA 4 GR","0","M2","BAD","24","PT REMS SURABAYA"
"2401501","LIPS MAGIC COLOR BIRU 4 GR","0","M2","GOOD","24","PT REMS SURABAYA"
"2401501_BD","LIPS MAGIC COLOR BIRU 4 GR","0","M2","BAD","24","PT REMS SURABAYA"
"2401452","LIPS MAGIC COLOR COKLAT 4GR","0","M2","GOOD","24","PT REMS SURABAYA"
"2401502","LIPS MAGIC COLOR EMAS 4 GR","0","M2","GOOD","24","PT REMS SURABAYA"
"2401502_BD","LIPS MAGIC COLOR EMAS 4 GR","0","M2","BAD","24","PT REMS SURABAYA"
"2401503","LIPS MAGIC COLOR PINK 4 GR","0","M2","GOOD","24","PT REMS SURABAYA"
"2401503_BD","LIPS MAGIC COLOR PINK 4 GR","0","M2","BAD","24","PT REMS SURABAYA"
"2401504","LIPS RONA VIT PINK 4 GR","0","M2","GOOD","24","PT REMS SURABAYA"
"2401504_BD","LIPS RONA VIT PINK 4 GR","0","M2","BAD","24","PT REMS SURABAYA"
"2401505","LIPS RONA VIT WHITE 4 GR","0","M2","GOOD","24","PT REMS SURABAYA"
"2401505_BD","LIPS RONA VIT WHITE 4 GR","0","M2","BAD","24","PT REMS SURABAYA"
"2401530","LIPS SHINE 01","0","M2","GOOD","24","PT REMS SURABAYA"
"2401530_BD","LIPS SHINE 01","0","M2","BAD","24","PT REMS SURABAYA"
"2401531","LIPS SHINE 02","0","M2","GOOD","24","PT REMS SURABAYA"
"2401531_BD","LIPS SHINE 02","0","M2","BAD","24","PT REMS SURABAYA"
"2401532","LIPS SHINE 03","0","M2","GOOD","24","PT REMS SURABAYA"
"2401532_BD","LIPS SHINE 03","0","M2","BAD","24","PT REMS SURABAYA"
"2401533","LIPS SHINE 04","0","M2","GOOD","24","PT REMS SURABAYA"
"2401533_BD","LIPS SHINE 04","0","M2","BAD","24","PT REMS SURABAYA"
"2401534","LIPS SHINE 05","0","M2","GOOD","24","PT REMS SURABAYA"
"2401534_BD","LIPS SHINE 05","0","M2","BAD","24","PT REMS SURABAYA"
"2401535","LIPS SHINE 06","0","M2","GOOD","24","PT REMS SURABAYA"
"2401535_BD","LIPS SHINE 06","0","M2","BAD","24","PT REMS SURABAYA"
"2401536","LIPS SHINE 07","0","M2","GOOD","24","PT REMS SURABAYA"
"2401536_BD","LIPS SHINE 07","0","M2","BAD","24","PT REMS SURABAYA"
"2401537","LIPS SHINE 08","0","M2","GOOD","24","PT REMS SURABAYA"
"2401537_BD","LIPS SHINE 08","0","M2","BAD","24","PT REMS SURABAYA"
"2401538","LIPS SHINE 09","0","M2","GOOD","24","PT REMS SURABAYA"
"2401538_BD","LIPS SHINE 09","0","M2","BAD","24","PT REMS SURABAYA"
"2401539","LIPS SHINE 10","0","M2","GOOD","24","PT REMS SURABAYA"
"2401539_BD","LIPS SHINE 10","0","M2","BAD","24","PT REMS SURABAYA"
"2401508_BD","LIPS ULTRA GLOSS  01","0","M2","BAD","24","PT REMS SURABAYA"
"2401508","LIPS ULTRA GLOSS  01 MARON","0","M2","GOOD","24","PT REMS SURABAYA"
"2401509","LIPS ULTRA GLOSS 02","0","M2","GOOD","24","PT REMS SURABAYA"
"2401509_BD","LIPS ULTRA GLOSS 02","0","M2","BAD","24","PT REMS SURABAYA"
"2401510_BD","LIPS ULTRA GLOSS 03","0","M2","BAD","24","PT REMS SURABAYA"
"2401510","LIPS ULTRA GLOSS 03 MARON","0","M2","GOOD","24","PT REMS SURABAYA"
"2401511_BD","LIPS ULTRA GLOSS 04","0","M2","BAD","24","PT REMS SURABAYA"
"2401511","LIPS ULTRA GLOSS 04 MARON","0","M2","GOOD","24","PT REMS SURABAYA"
"2401512_BD","LIPS ULTRA GLOSS 05","0","M2","BAD","24","PT REMS SURABAYA"
"2401512","LIPS ULTRA GLOSS 05 MARON","0","M2","GOOD","24","PT REMS SURABAYA"
"2401513_BD","LIPS ULTRA GLOSS 06","0","M2","BAD","24","PT REMS SURABAYA"
"2401513","LIPS ULTRA GLOSS 06 MARON","0","M2","GOOD","24","PT REMS SURABAYA"
"2401514_BD","LIPS ULTRA GLOSS 07","0","M2","BAD","24","PT REMS SURABAYA"
"2401514","LIPS ULTRA GLOSS 07 MARON","0","M2","GOOD","24","PT REMS SURABAYA"
"2401515_BD","LIPS ULTRA GLOSS 08","0","M2","BAD","24","PT REMS SURABAYA"
"2401515","LIPS ULTRA GLOSS 08 MARON","0","M2","GOOD","24","PT REMS SURABAYA"
"2401516_BD","LIPS ULTRA GLOSS 09","0","M2","BAD","24","PT REMS SURABAYA"
"2401516","LIPS ULTRA GLOSS 09 MARON","0","M2","GOOD","24","PT REMS SURABAYA"
"2401517_BD","LIPS ULTRA GLOSS 10","0","M2","BAD","24","PT REMS SURABAYA"
"2401517","LIPS ULTRA GLOSS 10 MARON","0","M2","GOOD","24","PT REMS SURABAYA"
"2401528","LIPSTICK EXOTIS E92 IVORY","0","M2","GOOD","24","PT REMS SURABAYA"
"2401528_BD","LIPSTICK EXOTIS E92 IVORY","0","M2","BAD","24","PT REMS SURABAYA"
"2401540_BD","LIPSTICK EXOTIS E92 PINK","0","M2","BAD","24","PT REMS SURABAYA"
"2401540","LIPSTICK EXOTIS E92 PINK MARON","0","M2","GOOD","24","PT REMS SURABAYA"
"2401103","LOTION ES 150 ML","0","M2","GOOD","24","PT REMS SURABAYA"
"2401103_BD","LOTION ES 150 ML","0","M2","BAD","24","PT REMS SURABAYA"
"2404133","LPS BIO AHA 601","0","M2","GOOD","24","PT REMS SURABAYA"
"2404133_BD","LPS BIO AHA 601","0","M2","BAD","24","PT REMS SURABAYA"
"2404134","LPS BIO AHA 602","0","M2","GOOD","24","PT REMS SURABAYA"
"2404134_BD","LPS BIO AHA 602","0","M2","BAD","24","PT REMS SURABAYA"
"2404135","LPS BIO AHA 603","0","M2","GOOD","24","PT REMS SURABAYA"
"2404135_BD","LPS BIO AHA 603","0","M2","BAD","24","PT REMS SURABAYA"
"2404136","LPS BIO AHA 604","0","M2","GOOD","24","PT REMS SURABAYA"
"2404136_BD","LPS BIO AHA 604","0","M2","BAD","24","PT REMS SURABAYA"
"2404137","LPS BIO AHA 605","0","M2","GOOD","24","PT REMS SURABAYA"
"2404137_BD","LPS BIO AHA 605","0","M2","BAD","24","PT REMS SURABAYA"
"2404150","LPS BIO AHA 606","0","M2","GOOD","24","PT REMS SURABAYA"
"2404150_BD","LPS BIO AHA 606","0","M2","BAD","24","PT REMS SURABAYA"
"2404138","LPS BIO AHA 607","0","M2","GOOD","24","PT REMS SURABAYA"
"2404138_BD","LPS BIO AHA 607","0","M2","BAD","24","PT REMS SURABAYA"
"2404139","LPS BIO AHA 608","0","M2","GOOD","24","PT REMS SURABAYA"
"2404139_BD","LPS BIO AHA 608","0","M2","BAD","24","PT REMS SURABAYA"
"2404140","LPS BIO AHA 609","0","M2","GOOD","24","PT REMS SURABAYA"
"2404140_BD","LPS BIO AHA 609","0","M2","BAD","24","PT REMS SURABAYA"
"2404141","LPS BIO AHA 610","0","M2","GOOD","24","PT REMS SURABAYA"
"2404141_BD","LPS BIO AHA 610","0","M2","BAD","24","PT REMS SURABAYA"
"2401212","LULUR SCRUB BENGKOANG MILK 200GR","0","M2","GOOD","24","PT REMS SURABAYA"
"2401212_BD","LULUR SCRUB BENGKOANG MILK 200GR","0","M2","BAD","24","PT REMS SURABAYA"
"2401202","LULUR SCRUB BENGKUANG 250 GR","0","M2","GOOD","24","PT REMS SURABAYA"
"2401202_BD","LULUR SCRUB BENGKUANG 250 GR","0","M2","BAD","24","PT REMS SURABAYA"
"2401210","LULUR SCRUB CHOCOLATE 200GR","0","M2","GOOD","24","PT REMS SURABAYA"
"2401210_BD","LULUR SCRUB CHOCOLATE 200GR","0","M2","BAD","24","PT REMS SURABAYA"
"2401213","LULUR SCRUB GREEN TEA 200GR","0","M2","GOOD","24","PT REMS SURABAYA"
"2401201","LULUR SCRUB SQUALENCE 250 GR","0","M2","GOOD","24","PT REMS SURABAYA"
"2401201_BD","LULUR SCRUB SQUALENCE 250 GR","0","M2","BAD","24","PT REMS SURABAYA"
"2401211","LULUR SCRUB STRAW MILK 200GR","0","M2","GOOD","24","PT REMS SURABAYA"
"2401211_BD","LULUR SCRUB STRAW MILK 200GR","0","M2","BAD","24","PT REMS SURABAYA"
"32054010","M KAYU PUTIH DOS T J 100 ML","0","M2","GOOD","32","PT.TRESNO JOYO"
"32054008","M KAYU PUTIH DOS T J 30 ML","0","M2","GOOD","32","PT.TRESNO JOYO"
"32054009","M KAYU PUTIH DOS T J 60 ML","0","M2","GOOD","32","PT.TRESNO JOYO"
"32054007","M KAYU PUTIH LOS T J 120 ML","0","M2","GOOD","32","PT.TRESNO JOYO"
"32054007_BD","M KAYU PUTIH LOS T J 120 ML","0","M2","BAD","32","PT.TRESNO JOYO"
"32054005","M KAYU PUTIH LOS T J 30 ML","0","M2","GOOD","32","PT.TRESNO JOYO"
"32054005_BD","M KAYU PUTIH LOS T J 30 ML","0","M2","BAD","32","PT.TRESNO JOYO"
"32054006","M KAYU PUTIH LOS T J 60 ML","0","M2","GOOD","32","PT.TRESNO JOYO"
"32054006_BD","M KAYU PUTIH LOS T J 60 ML","0","M2","BAD","32","PT.TRESNO JOYO"
"32054018","M TELON PLUS TJ 100 ML","0","M2","GOOD","32","PT.TRESNO JOYO"
"32054016","M TELON PLUS TJ 30 ML","0","M2","GOOD","32","PT.TRESNO JOYO"
"32054017_BD","M TELON PLUS TJ 60","0","M2","BAD","32","PT.TRESNO JOYO"
"32054017","M TELON PLUS TJ 60 ML","0","M2","GOOD","32","PT.TRESNO JOYO"
"32054004","M TELON TJ 100 ML","0","M2","GOOD","32","PT.TRESNO JOYO"
"32054004_BD","M TELON TJ 100 ML","0","M2","BAD","32","PT.TRESNO JOYO"
"32054001","M TELON TJ 15 ML","0","M2","GOOD","32","PT.TRESNO JOYO"
"32054001_BD","M TELON TJ 15 ML","0","M2","BAD","32","PT.TRESNO JOYO"
"32054002","M TELON TJ 30 ML","0","M2","GOOD","32","PT.TRESNO JOYO"
"32054002_BD","M TELON TJ 30 ML","0","M2","BAD","32","PT.TRESNO JOYO"
"32054003","M TELON TJ 60 ML","0","M2","GOOD","32","PT.TRESNO JOYO"
"32054003_BD","M TELON TJ 60 ML","0","M2","BAD","32","PT.TRESNO JOYO"
"32054021","MADU GINGSENG 250ML","0","M2","GOOD","32","PT.TRESNO JOYO"
"32054022","MADU GINGSENG SCH 20ML 5SCH/BOX","0","M2","GOOD","32","PT.TRESNO JOYO"
"32054023","MADU LANSA 250ML","0","M2","GOOD","32","PT.TRESNO JOYO"
"32054024","MADU LANSA SCH 20ML 5SCH/BOX","0","M2","GOOD","32","PT.TRESNO JOYO"
"32054024_BD","MADU LANSA SCH 20ML 5SCH/BOX","0","M2","BAD","32","PT.TRESNO JOYO"
"32054033","MADU MURNI 100 ML","0","M2","GOOD","32","PT.TRESNO JOYO"
"32054034","MADU MURNI 250 ML","0","M2","GOOD","32","PT.TRESNO JOYO"
"32054035","MADU MURNI 650 ML","0","M2","GOOD","32","PT.TRESNO JOYO"
"32054035_BD","MADU MURNI 650 ML","0","M2","BAD","32","PT.TRESNO JOYO"
"32054040","MADU PLUS JERUK 20ML 12 SCH/BOX","0","M2","GOOD","32","PT.TRESNO JOYO"
"32054040_BD","MADU PLUS JERUK 20ML 12 SCH/BOX","0","M2","BAD","32","PT.TRESNO JOYO"
"32054039","MADU PLUS STRAW 20 ML","0","M2","GOOD","32","PT.TRESNO JOYO"
"32054039_BD","MADU PLUS STRAW 20 ML","0","M2","BAD","32","PT.TRESNO JOYO"
"32054036","MADU SUPER 100 ML","0","M2","GOOD","32","PT.TRESNO JOYO"
"32054037","MADU SUPER 250 ML","0","M2","GOOD","32","PT.TRESNO JOYO"
"32054037_BD","MADU SUPER 250 ML","0","M2","BAD","32","PT.TRESNO JOYO"
"32054038","MADU SUPER 650 ML","0","M2","GOOD","32","PT.TRESNO JOYO"
"32054038_BD","MADU SUPER 650 ML","0","M2","BAD","32","PT.TRESNO JOYO"
"32054019","MADU VGRA 250 ML","0","M2","GOOD","32","PT.TRESNO JOYO"
"32054020","MADU VGRA SCH 20 ML 5SCH/BOX","0","M2","GOOD","32","PT.TRESNO JOYO"
"2401432","MASCARA BLACK 7 ML","0","M2","GOOD","24","PT REMS SURABAYA"
"2401432_BD","MASCARA BLACK 7 ML","0","M2","BAD","24","PT REMS SURABAYA"
"2404142","MASCARA BLACK BIO AHA","0","M2","GOOD","24","PT REMS SURABAYA"
"2401302","MINYAK CEM CEMAN 190 ML","0","M2","GOOD","24","PT REMS SURABAYA"
"3205484","MINYAK KAYU PUTIH ROLL ON TJ 10ML","0","M2","GOOD","32","PT.TRESNO JOYO"
"2401205","MINYAK ZAITUN 150ML","0","M2","GOOD","24","PT REMS SURABAYA"
"2401205_BD","MINYAK ZAITUN 150ML","0","M2","BAD","24","PT REMS SURABAYA"
"2401203","MINYAK ZAITUN 190 ML","0","M2","GOOD","24","PT REMS SURABAYA"
"2401204","MINYAK ZAITUN 600 ML","0","M2","GOOD","24","PT REMS SURABAYA"
"2401204_BD","MINYAK ZAITUN 600 ML","0","M2","BAD","24","PT REMS SURABAYA"
"2403101","MINYAK ZAITUN AR 630 ML","0","M2","GOOD","24","PT REMS SURABAYA"
"2403101_BD","MINYAK ZAITUN AR 630 ML","0","M2","BAD","24","PT REMS SURABAYA"
"2404180","PAKET 1 IDUL FITRI 2014(HBL+LULUR)","0","M2","GOOD","24","PT REMS SURABAYA"
"2404082","PAKET 1 NATAL & THUN BARU 2015","0","M2","GOOD","24","PT REMS SURABAYA"
"2402403","PAKET 1IDUL FITRI(GOLDEN TAC)","0","M2","GOOD","24","PT REMS SURABAYA"
"2402403_BD","PAKET 1IDUL FITRI(GOLDEN TAC)","0","M2","BAD","24","PT REMS SURABAYA"
"2404181","PAKET 2 IDUL FITRI 2014(MASCARA+EYELINER)","0","M2","GOOD","24","PT REMS SURABAYA"
"2402404","PAKET 2 IDUL FITRI(PEMB KETIMUN)","0","M2","GOOD","24","PT REMS SURABAYA"
"2404083","PAKET 2 NATAL&THUN BARU 2015","0","M2","GOOD","24","PT REMS SURABAYA"
"2402405","PAKET 3 IDUL FITRI (TWC)","0","M2","GOOD","24","PT REMS SURABAYA"
"2402405_BD","PAKET 3 IDUL FITRI (TWC)","0","M2","BAD","24","PT REMS SURABAYA"
"2404182","PAKET 3 IDUL FITRI 2014(BIOAHA EXFOLION)","0","M2","GOOD","24","PT REMS SURABAYA"
"2402006","PAKET 3 IN 1 SERIES RDX","0","M2","GOOD","24","PT REMS SURABAYA"
"2404084","PAKET 3 NATAL&THUN BARU 2015","0","M2","GOOD","24","PT REMS SURABAYA"
"2402406","PAKET 4 IDUL FITRI(FACE MASK)","0","M2","GOOD","24","PT REMS SURABAYA"
"2402406_BD","PAKET 4 IDUL FITRI(FACE MASK)","0","M2","BAD","24","PT REMS SURABAYA"
"2402226","PAKET AKRILIK DISPENSER RA+REG","0","M2","GOOD","24","PT REMS SURABAYA"
"2402408","PAKET AKRILIK FOOT CREAM","0","M2","GOOD","24","PT REMS SURABAYA"
"2402224","PAKET AKRILIK LIPSTIK RA ISI 1","0","M2","GOOD","24","PT REMS SURABAYA"
"2402402","PAKET AKRILIK RATU AYU + REG","0","M2","GOOD","24","PT REMS SURABAYA"
"2402223","PAKET AKRILIK SKIN CARE","0","M2","GOOD","24","PT REMS SURABAYA"
"2405123","PAKET BIO AHA WHITE MILENIUM","0","M2","GOOD","24","PT REMS SURABAYA"
"2404104","PAKET BIO AHA WHT 100ML","0","M2","GOOD","24","PT REMS SURABAYA"
"2404104_BD","PAKET BIO AHA WHT 100ML","0","M2","BAD","24","PT REMS SURABAYA"
"2404170","PAKET GOLDEN SERIES CELAK MATA","0","M2","GOOD","24","PT REMS SURABAYA"
"2404170_BD","PAKET GOLDEN SERIES CELAK MATA","0","M2","BAD","24","PT REMS SURABAYA"
"2401642","PAKET GOLDEN TAC BIEGE","0","M2","GOOD","24","PT REMS SURABAYA"
"2401642_BD","PAKET GOLDEN TAC BIEGE","0","M2","BAD","24","PT REMS SURABAYA"
"2401641","PAKET GOLDEN TAC IV","0","M2","GOOD","24","PT REMS SURABAYA"
"2401641_BD","PAKET GOLDEN TAC IV","0","M2","BAD","24","PT REMS SURABAYA"
"5701012","Paket Hemat ! (WSM )","0","M2","GOOD","57","PT.JAVINCI BERKAT KREATIF SENT"
"5701013","Paket Hemat 2  (WAB )","0","M2","GOOD","57","PT.JAVINCI BERKAT KREATIF SENT"
"5701014","Paket Hemat 3 ( WC 3 )","0","M2","GOOD","57","PT.JAVINCI BERKAT KREATIF SENT"
"5701015","Paket Hemat 4 ( WC 4 )","0","M2","GOOD","57","PT.JAVINCI BERKAT KREATIF SENT"
"2404185","PAKET LIPS SMOLLE MARUN","0","M2","GOOD","24","PT REMS SURABAYA"
"2404152","PAKET LPS BA 601 F PA","0","M2","GOOD","24","PT REMS SURABAYA"
"2404153","PAKET LPS BA 602 F PA","0","M2","GOOD","24","PT REMS SURABAYA"
"2404154","PAKET LPS BA 603 F PA","0","M2","GOOD","24","PT REMS SURABAYA"
"2404154_BD","PAKET LPS BA 603 F PA","0","M2","BAD","24","PT REMS SURABAYA"
"2404155","PAKET LPS BA 604 F PA","0","M2","GOOD","24","PT REMS SURABAYA"
"2404155_BD","PAKET LPS BA 604 F PA","0","M2","BAD","24","PT REMS SURABAYA"
"2404156","PAKET LPS BA 605 F PA","0","M2","GOOD","24","PT REMS SURABAYA"
"2404157","PAKET LPS BA 606 F PA","0","M2","GOOD","24","PT REMS SURABAYA"
"2404158","PAKET LPS BA 607 F PA","0","M2","GOOD","24","PT REMS SURABAYA"
"2404159","PAKET LPS BA 608 F PA","0","M2","GOOD","24","PT REMS SURABAYA"
"2404159_BD","PAKET LPS BA 608 F PA","0","M2","BAD","24","PT REMS SURABAYA"
"2404160","PAKET LPS BA 609 F PA","0","M2","GOOD","24","PT REMS SURABAYA"
"2404160_BD","PAKET LPS BA 609 F PA","0","M2","BAD","24","PT REMS SURABAYA"
"2404161","PAKET LPS BA 610 F PA","0","M2","GOOD","24","PT REMS SURABAYA"
"2404161_BD","PAKET LPS BA 610 F PA","0","M2","BAD","24","PT REMS SURABAYA"
"2404171","PAKET MENARA","0","M2","GOOD","24","PT REMS SURABAYA"
"2404110","PAKET PROMOSI  BIO AHA TAS KECIL","0","M2","GOOD","24","PT REMS SURABAYA"
"PKPS001","PAKET PROMOSI 2 RA TAS KECIL","0","M2","GOOD","24","PT REMS SURABAYA"
"PKPS001_BD","PAKET PROMOSI 2 RA TAS KECIL","0","M2","BAD","24","PT REMS SURABAYA"
"2404109","PAKET PROMOSI 3 RA TAS BESAR","0","M2","GOOD","24","PT REMS SURABAYA"
"2404109_BD","PAKET PROMOSI 3 RA TAS BESAR","0","M2","BAD","24","PT REMS SURABAYA"
"PKPS002","PAKET PROMOSI BIO AHA TAS BESAR","0","M2","GOOD","24","PT REMS SURABAYA"
"PKPS002_BD","PAKET PROMOSI BIO AHA TAS BESAR","0","M2","BAD","24","PT REMS SURABAYA"
"2402401","PAKET RATU AYU EXCLV","0","M2","GOOD","24","PT REMS SURABAYA"
"2402010","PAKET RDX 20ML ISI 2","0","M2","GOOD","24","PT REMS SURABAYA"
"2402010_BD","PAKET RDX 20ML ISI 2","0","M2","BAD","24","PT REMS SURABAYA"
"2401051","PAKET REF TWC BEACH IVORY+PUFF","0","M2","GOOD","24","PT REMS SURABAYA"
"2401050","PAKET REF TWC FRESH OLIVE+FUFF","0","M2","GOOD","24","PT REMS SURABAYA"
"2401050_BD","PAKET REF TWC FRESH OLIVE+FUFF","0","M2","BAD","24","PT REMS SURABAYA"
"2401052","PAKET REF TWC WHT NATURA+PUF","0","M2","GOOD","24","PT REMS SURABAYA"
"2403005","PAKET SKIN CARE NEW","0","M2","GOOD","24","PT REMS SURABAYA"
"2404220","PAKET TAC BE -UV CAKE IV","0","M2","GOOD","24","PT REMS SURABAYA"
"2404221","PAKET TAC IV - UV CAKE BE","0","M2","GOOD","24","PT REMS SURABAYA"
"2404221_BD","PAKET TAC IV - UV CAKE BE","0","M2","BAD","24","PT REMS SURABAYA"
"2404222","PAKET TAC NT - UV CAKE NT","0","M2","GOOD","24","PT REMS SURABAYA"
"2402416","PALLETE AKRILIK ABU-ABU RA","0","M2","GOOD","24","PT REMS SURABAYA"
"2402416_BD","PALLETE AKRILIK ABU-ABU RA","0","M2","BAD","24","PT REMS SURABAYA"
"2402415","PALLETE AKRILIK HITAM RA","0","M2","GOOD","24","PT REMS SURABAYA"
"2404149","PALLETTE BIOAHA (HIJAU)","0","M2","GOOD","24","PT REMS SURABAYA"
"2404149_BD","PALLETTE BIOAHA (HIJAU)","0","M2","BAD","24","PT REMS SURABAYA"
"2401104","PELEMBAB GEL AHA 30 ML","0","M2","GOOD","24","PT REMS SURABAYA"
"2401104_BD","PELEMBAB GEL AHA 30 ML","0","M2","BAD","24","PT REMS SURABAYA"
"2401105","PELEMBAB TABIR SURYA 30 ML","0","M2","GOOD","24","PT REMS SURABAYA"
"2401105_BD","PELEMBAB TABIR SURYA 30 ML","0","M2","BAD","24","PT REMS SURABAYA"
"2401106","PEMBERSIH PELANGI 60 ML","0","M2","GOOD","24","PT REMS SURABAYA"
"2401106_BD","PEMBERSIH PELANGI 60 ML","0","M2","BAD","24","PT REMS SURABAYA"
"2401440","PEMULAS KULIT IVORY","0","M2","GOOD","24","PT REMS SURABAYA"
"2401440_BD","PEMULAS KULIT IVORY","0","M2","BAD","24","PT REMS SURABAYA"
"2401419","PEMULAS KULIT KL 20 GR","0","M2","GOOD","24","PT REMS SURABAYA"
"2401419_BD","PEMULAS KULIT KL 20 GR","0","M2","BAD","24","PT REMS SURABAYA"
"2401420","PEMULAS KULIT KS 20 GR","0","M2","GOOD","24","PT REMS SURABAYA"
"2401420_BD","PEMULAS KULIT KS 20 GR","0","M2","BAD","24","PT REMS SURABAYA"
"2401441","PEMULAS KULIT KUNING PENGANTIN","0","M2","GOOD","24","PT REMS SURABAYA"
"2401441_BD","PEMULAS KULIT KUNING PENGANTIN","0","M2","BAD","24","PT REMS SURABAYA"
"2401421","PEMULAS KULIT NATURAL 20 GR","0","M2","GOOD","24","PT REMS SURABAYA"
"2401421_BD","PEMULAS KULIT NATURAL 20 GR","0","M2","BAD","24","PT REMS SURABAYA"
"2401417","PEMULAS PIPI BARAGA 5 GR","0","M2","GOOD","24","PT REMS SURABAYA"
"2401417_BD","PEMULAS PIPI BARAGA 5 GR","0","M2","BAD","24","PT REMS SURABAYA"
"2401418","PEMULAS PIPI MAGENTA 5 GR","0","M2","GOOD","24","PT REMS SURABAYA"
"2401418_BD","PEMULAS PIPI MAGENTA 5 GR","0","M2","BAD","24","PT REMS SURABAYA"
"2401480","PEMULAS PIPI VIOLET 5 GR","0","M2","GOOD","24","PT REMS SURABAYA"
"2401480_BD","PEMULAS PIPI VIOLET 5 GR","0","M2","BAD","24","PT REMS SURABAYA"
"2401427","PENSIL ALIS COKLAT 4 GR","0","M2","GOOD","24","PT REMS SURABAYA"
"2401427_BD","PENSIL ALIS COKLAT 4 GR","0","M2","BAD","24","PT REMS SURABAYA"
"2401426","PENSIL ALIS HITAM 4 GR","0","M2","GOOD","24","PT REMS SURABAYA"
"2401426_BD","PENSIL ALIS HITAM 4 GR","0","M2","BAD","24","PT REMS SURABAYA"
"2401451","PENSIL ALIS SILVER COKLAT 4GR","0","M2","GOOD","24","PT REMS SURABAYA"
"2401451_BD","PENSIL ALIS SILVER COKLAT 4GR","0","M2","BAD","24","PT REMS SURABAYA"
"2401450","PENSIL ALIS SILVER HITAM 4GR","0","M2","GOOD","24","PT REMS SURABAYA"
"2401450_BD","PENSIL ALIS SILVER HITAM 4GR","0","M2","BAD","24","PT REMS SURABAYA"
"2401507","PENSIL BIBIR MERAH 4 GR","0","M2","GOOD","24","PT REMS SURABAYA"
"5501023","PLASTIC STICK COSMETIC PACK 167 288/CT","0","M2","GOOD","55","PT.CHARMINDO MITRA RAHARJA"
"2401561","RA LPS SAFIRA 01","0","M2","GOOD","24","PT REMS SURABAYA"
"2401562","RA LPS SAFIRA 02","0","M2","GOOD","24","PT REMS SURABAYA"
"2401563","RA LPS SAFIRA 03","0","M2","GOOD","24","PT REMS SURABAYA"
"2401564","RA LPS SAFIRA 04","0","M2","GOOD","24","PT REMS SURABAYA"
"2401565","RA LPS SAFIRA 05","0","M2","GOOD","24","PT REMS SURABAYA"
"2402008","RDX DAY CREAM 20GR","0","M2","GOOD","24","PT REMS SURABAYA"
"2402008_BD","RDX DAY CREAM 20GR","0","M2","BAD","24","PT REMS SURABAYA"
"2402007","RDX NIGHT CREAM 20GR","0","M2","GOOD","24","PT REMS SURABAYA"
"2402007_BD","RDX NIGHT CREAM 20GR","0","M2","BAD","24","PT REMS SURABAYA"
"2402009","RDX WHITE TONER 100ML NEW","0","M2","GOOD","24","PT REMS SURABAYA"
"2402009_BD","RDX WHITE TONER 100ML NEW","0","M2","BAD","24","PT REMS SURABAYA"
"2401443","REFIL TWC BEACH IVORY 15GR","0","M2","GOOD","24","PT REMS SURABAYA"
"2401443_BD","REFIL TWC BEACH IVORY 15GR","0","M2","BAD","24","PT REMS SURABAYA"
"2401445","REFIL TWC FRESH OLIVE 15GR","0","M2","GOOD","24","PT REMS SURABAYA"
"2401445_BD","REFIL TWC FRESH OLIVE 15GR","0","M2","BAD","24","PT REMS SURABAYA"
"2401446","REFIL TWC WHITE NATURAL 15GR","0","M2","GOOD","24","PT REMS SURABAYA"
"2401446_BD","REFIL TWC WHITE NATURAL 15GR","0","M2","BAD","24","PT REMS SURABAYA"
"2401444","REFIL TWC WHITE TROPICAL 15GR","0","M2","GOOD","24","PT REMS SURABAYA"
"2401444_BD","REFIL TWC WHITE TROPICAL 15GR","0","M2","BAD","24","PT REMS SURABAYA"
"32054043","RELAXATION AR 10 ML","0","M2","GOOD","32","PT.TRESNO JOYO"
"32054043_BD","RELAXATION AR 10 ML","0","M2","BAD","32","PT.TRESNO JOYO"
"32054060","RELAXATION AR BLUE BERRY 10 ML","0","M2","GOOD","32","PT.TRESNO JOYO"
"32054060_BD","RELAXATION AR BLUE BERRY 10 ML","0","M2","BAD","32","PT.TRESNO JOYO"
"32054062","RELAXATION AR LAVENDER 10 ML","0","M2","GOOD","32","PT.TRESNO JOYO"
"32054062_BD","RELAXATION AR LAVENDER 10 ML","0","M2","BAD","32","PT.TRESNO JOYO"
"32054061","RELAXATION AR MANGGA 10 ML","0","M2","GOOD","32","PT.TRESNO JOYO"
"2402301","SABUN CAIR 150ML","0","M2","GOOD","24","PT REMS SURABAYA"
"2402301_BD","SABUN CAIR 150ML","0","M2","BAD","24","PT REMS SURABAYA"
"32054068","SARI JAHE 25 GRX5 SCH 48/CT","0","M2","GOOD","32","PT.TRESNO JOYO"
"32054069","SARI TEMULAWAK 25GR X5SCH 48/CT","0","M2","GOOD","32","PT.TRESNO JOYO"
"2805095","SATTO BODY MASSAGE WITH MILK","0","M2","GOOD","28","PT.CIPTA KARYA UTAMA"
"2805922","SATTO BODY ODORLESS FEMINIME","0","M2","GOOD","28","PT.CIPTA KARYA UTAMA"
"2805923","SATTO BODY ODORLESS MASCULIN","0","M2","GOOD","28","PT.CIPTA KARYA UTAMA"
"2805923_BD","SATTO BODY ODORLESS MASCULIN","0","M2","BAD","28","PT.CIPTA KARYA UTAMA"
"2805924","SATTO BODY ODORLESS NEUTRAL","0","M2","GOOD","28","PT.CIPTA KARYA UTAMA"
"2805091","SATTO BODY SCRUB","0","M2","GOOD","28","PT.CIPTA KARYA UTAMA"
"2805094","SATTO BODY STRETCH MARK","0","M2","GOOD","28","PT.CIPTA KARYA UTAMA"
"2805094_BD","SATTO BODY STRETCH MARK","0","M2","BAD","28","PT.CIPTA KARYA UTAMA"
"2805915","SATTO BREAST CREAM","0","M2","GOOD","28","PT.CIPTA KARYA UTAMA"
"2805915_BD","SATTO BREAST CREAM","0","M2","BAD","28","PT.CIPTA KARYA UTAMA"
"2805920","SATTO BS ENRICHED WITH ORANGE","0","M2","GOOD","28","PT.CIPTA KARYA UTAMA"
"2805921","SATTO BS ENRICHED WITH STRAW","0","M2","GOOD","28","PT.CIPTA KARYA UTAMA"
"2805916","SATTO HAIR TONIC","0","M2","GOOD","28","PT.CIPTA KARYA UTAMA"
"2805916_BD","SATTO HAIR TONIC","0","M2","BAD","28","PT.CIPTA KARYA UTAMA"
"2805092","SATTO HAND&BODY LOTION","0","M2","GOOD","28","PT.CIPTA KARYA UTAMA"
"2805092_BD","SATTO HAND&BODY LOTION","0","M2","BAD","28","PT.CIPTA KARYA UTAMA"
"2805101","SATTO MELLENIUM SHAMPOO","0","M2","GOOD","28","PT.CIPTA KARYA UTAMA"
"2805097","SATTO MICROGEL","0","M2","GOOD","28","PT.CIPTA KARYA UTAMA"
"2805096","SATTO PLACENTA SNOW WHITE LILY","0","M2","GOOD","28","PT.CIPTA KARYA UTAMA"
"2805925","SATTO PLACENTA SPA SOAP","0","M2","GOOD","28","PT.CIPTA KARYA UTAMA"
"2805910","SATTO SLIMMING ESSENCE 100ML","0","M2","GOOD","28","PT.CIPTA KARYA UTAMA"
"2805910_BD","SATTO SLIMMING ESSENCE 100ML","0","M2","BAD","28","PT.CIPTA KARYA UTAMA"
"2805099","SATTO SLIMMING ESSENCE 55ML","0","M2","GOOD","28","PT.CIPTA KARYA UTAMA"
"2805099_BD","SATTO SLIMMING ESSENCE 55ML","0","M2","BAD","28","PT.CIPTA KARYA UTAMA"
"2805098","SATTO SOAP","0","M2","GOOD","28","PT.CIPTA KARYA UTAMA"
"2805098_BD","SATTO SOAP","0","M2","BAD","28","PT.CIPTA KARYA UTAMA"
"2805100","SATTO TWO MINUTES SCRUB","0","M2","GOOD","28","PT.CIPTA KARYA UTAMA"
"2805100_BD","SATTO TWO MINUTES SCRUB","0","M2","BAD","28","PT.CIPTA KARYA UTAMA"
"2805913","SATTO WF CLEANSER BABY NGILER","0","M2","GOOD","28","PT.CIPTA KARYA UTAMA"
"2805912","SATTO WHITENING C SCRUB","0","M2","GOOD","28","PT.CIPTA KARYA UTAMA"
"2805912_BD","SATTO WHITENING C SCRUB","0","M2","BAD","28","PT.CIPTA KARYA UTAMA"
"2401303","SHAMPO DAUN MANGKOK 190 ML","0","M2","GOOD","24","PT REMS SURABAYA"
"2401305","SHAMPO KACANG HIJAU 190 ML","0","M2","GOOD","24","PT REMS SURABAYA"
"2401305_BD","SHAMPO KACANG HIJAU 190 ML","0","M2","BAD","24","PT REMS SURABAYA"
"2401306","SHAMPO LIDAH BUAYA 150 ML","0","M2","GOOD","24","PT REMS SURABAYA"
"2401306_BD","SHAMPO LIDAH BUAYA 190 ML","0","M2","BAD","24","PT REMS SURABAYA"
"2401304","SHAMPO WORTEL 190 ML","0","M2","GOOD","24","PT REMS SURABAYA"
"2401304_BD","SHAMPO WORTEL 190 ML","0","M2","BAD","24","PT REMS SURABAYA"
"2403105","SHAMPOO  AR R & T 600 ML","0","M2","GOOD","24","PT REMS SURABAYA"
"2403105_BD","SHAMPOO  AR R & T 600 ML","0","M2","BAD","24","PT REMS SURABAYA"
"2403103","SHAMPOO AR C DE STRESS 60 ML","0","M2","GOOD","24","PT REMS SURABAYA"
"2403104","SHAMPOO AR MOIST 600 ML","0","M2","GOOD","24","PT REMS SURABAYA"
"2403104_BD","SHAMPOO AR MOIST 600 ML","0","M2","BAD","24","PT REMS SURABAYA"
"32054025","TANGKAL ANGIN 15 ML 5SCH/BOX","0","M2","GOOD","32","PT.TRESNO JOYO"
"2401307","TONIK PENYUBUR 150 ML","0","M2","GOOD","24","PT REMS SURABAYA"
"2401307_BD","TONIK PENYUBUR 150 ML","0","M2","BAD","24","PT REMS SURABAYA"
"32054044","TRESBAT OBAT BATUK 100 ML","0","M2","GOOD","32","PT.TRESNO JOYO"
"2401428","TWC BEACH IVORY 15 GR","0","M2","GOOD","24","PT REMS SURABAYA"
"2401428_BD","TWC BEACH IVORY 15 GR","0","M2","BAD","24","PT REMS SURABAYA"
"2401429","TWC FRESH  OLIVE 15 GR","0","M2","GOOD","24","PT REMS SURABAYA"
"2401429_BD","TWC FRESH  OLIVE 15 GR","0","M2","BAD","24","PT REMS SURABAYA"
"2401430","TWC WHITE  NATURAL 15 GR","0","M2","GOOD","24","PT REMS SURABAYA"
"2401430_BD","TWC WHITE  NATURAL 15 GR","0","M2","BAD","24","PT REMS SURABAYA"
"2401431","TWC WHITE TROPICAL 15 GR","0","M2","GOOD","24","PT REMS SURABAYA"
"2401431_BD","TWC WHITE TROPICAL 15 GR","0","M2","BAD","24","PT REMS SURABAYA"
"5601001","U-FIT ADULT DIAPERS L/XL 8 12/CT","0","M2","GOOD","56","PT.MITRA BLESSINDO PERKASA"
"5601002","U-FIT ADULT DIAPERS M-8 12/CT","0","M2","GOOD","56","PT.MITRA BLESSINDO PERKASA"
"5601003","U-FIT UNDERPAD L-10/15/CT","0","M2","GOOD","56","PT.MITRA BLESSINDO PERKASA"
"5601006","U-MASK BASIC BOX  BLUE 50PC 55PK/CT","0","M2","GOOD","56","PT.MITRA BLESSINDO PERKASA"
"5601004","U-MASK BASIC BOX GREEN 50S  55PK/CT","0","M2","GOOD","56","PT.MITRA BLESSINDO PERKASA"
"5601005","U-MASK BASIC BOX GREY 50PC 55PK/CT","0","M2","GOOD","56","PT.MITRA BLESSINDO PERKASA"
"5601011","U-MASK SACHET 5 PC BASIC GREY  540/CT","0","M2","GOOD","56","PT.MITRA BLESSINDO PERKASA"
"5601012","U-MASK SACHET 5PC BASIC BLUE  540/CT","0","M2","GOOD","56","PT.MITRA BLESSINDO PERKASA"
"5601009","U-MASK SACHET5PC  BASIC PINK 540/CT","0","M2","GOOD","56","PT.MITRA BLESSINDO PERKASA"
"5601010","U-MASK SACHET5PC BASIC PURPLE  540/CT","0","M2","GOOD","56","PT.MITRA BLESSINDO PERKASA"
"5601008","U-MASK SCH 5PC  GRADE A 3PLY HIJAU 540/CT","0","M2","GOOD","56","PT.MITRA BLESSINDO PERKASA"
"5601007","U-MASK SCH 5PC GRADE A 3PLY MOTIF  540/CT","0","M2","GOOD","56","PT.MITRA BLESSINDO PERKASA"
"2402101","W PEMBERSIH SARI KETIMUN 150ML","0","M2","GOOD","24","PT REMS SURABAYA"
"2402101_BD","W PEMBERSIH SARI KETIMUN 150ML","0","M2","BAD","24","PT REMS SURABAYA"
"2402102","W PENYEGAR SARI KETIMUN 150 ML","0","M2","GOOD","24","PT REMS SURABAYA"
"2402102_BD","W PENYEGAR SARI KETIMUN 150 ML","0","M2","BAD","24","PT REMS SURABAYA"
"5701002","WAB(WE Whitening Day&Night cream 2)AB","0","M2","GOOD","57","PT.JAVINCI BERKAT KREATIF SENT"
"5701010","WBBC ( WE Whetining BB Cream)","0","M2","GOOD","57","PT.JAVINCI BERKAT KREATIF SENT"
"5701005","WBS (WE Trans Beauty Soap With VitE)","0","M2","GOOD","57","PT.JAVINCI BERKAT KREATIF SENT"
"5701003","WC3 (WE Whitening Day&Night Cream 3)","0","M2","GOOD","57","PT.JAVINCI BERKAT KREATIF SENT"
"5701004","WC4 (WE Whitening Day&Night Cream 4)","0","M2","GOOD","57","PT.JAVINCI BERKAT KREATIF SENT"
"5701011","WHBL ( WE Whitening H &B Lotion)","0","M2","GOOD","57","PT.JAVINCI BERKAT KREATIF SENT"
"2402105","WHITENING LOTION 45 ML","0","M2","GOOD","24","PT REMS SURABAYA"
"2402105_BD","WHITENING LOTION 45 ML","0","M2","BAD","24","PT REMS SURABAYA"
"2401401","WHT ALAS BEDAK KL 30ML","0","M2","GOOD","24","PT REMS SURABAYA"
"2401401_BD","WHT ALAS BEDAK KL 30ML","0","M2","BAD","24","PT REMS SURABAYA"
"2401403","WHT ALAS BEDAK KN 30ML","0","M2","GOOD","24","PT REMS SURABAYA"
"2401403_BD","WHT ALAS BEDAK KN 30ML","0","M2","BAD","24","PT REMS SURABAYA"
"2401402","WHT ALAS BEDAK KS 30 ML","0","M2","GOOD","24","PT REMS SURABAYA"
"2401402_BD","WHT ALAS BEDAK KS 30 ML","0","M2","BAD","24","PT REMS SURABAYA"
"2402108","WHT FOUNDATION POT 15 GR","0","M2","GOOD","24","PT REMS SURABAYA"
"2402108_BD","WHT FOUNDATION POT 15 GR","0","M2","BAD","24","PT REMS SURABAYA"
"2403112","WHT GEL SCRUB HERBS 250 GR","0","M2","GOOD","24","PT REMS SURABAYA"
"2403112_BD","WHT GEL SCRUB HERBS 250 GR","0","M2","BAD","24","PT REMS SURABAYA"
"2403111","WHT GEL SCRUB LAVENDER 250 GR","0","M2","GOOD","24","PT REMS SURABAYA"
"2403111_BD","WHT GEL SCRUB LAVENDER 250 GR","0","M2","BAD","24","PT REMS SURABAYA"
"2403113","WHT GEL SCRUB ROSE 250 ML","0","M2","GOOD","24","PT REMS SURABAYA"
"2403113_BD","WHT GEL SCRUB ROSE 250 ML","0","M2","BAD","24","PT REMS SURABAYA"
"5701007","WLFW(WE Liquid Facial Wash 100ml)","0","M2","GOOD","57","PT.JAVINCI BERKAT KREATIF SENT"
"5701009","WRT (WE Refresing Toner 100Ml)","0","M2","GOOD","57","PT.JAVINCI BERKAT KREATIF SENT"
"5701001","WSM(WE Whitening day&Night Cream)","0","M2","GOOD","57","PT.JAVINCI BERKAT KREATIF SENT"
"5701006","WWCR(WE Washing Beauty Cr With VIT E)","0","M2","GOOD","57","PT.JAVINCI BERKAT KREATIF SENT"
"5701008","WWS2 (WE Special Whitening Serum 2)","0","M2","GOOD","57","PT.JAVINCI BERKAT KREATIF SENT"
"2401250","ZAITUN MASSAGE CREAM 30GR","0","M2","GOOD","24","PT REMS SURABAYA"
"2401250_BD","ZAITUN MASSAGE CREAM 30GR","0","M2","BAD","24","PT REMS SURABAYA"
"BNBX","BONUS BOX TPCM 15","1","M3","BONUS","17","PT.GUNUNG SLAMAT"
"BNCK","BONUS CANGKIR","1","M3","BONUS","17","PT.GUNUNG SLAMAT"
"BNCP001","BONUS CONTAINER POCI","1","M3","BONUS","17","PT.GUNUNG SLAMAT"
"1712012","Botol Biru 40 Gr /SK 200/CT","1","M3","GOOD","17","PT.GUNUNG SLAMAT"
"1712012_BD","Botol Biru 40 Gr /SK 200/CT","1","M3","BAD","17","PT.GUNUNG SLAMAT"
"1711004","Botol Biru 80 Gr/SB","0","M3","GOOD","17","PT.GUNUNG SLAMAT"
"1711004_BD","Botol Biru 80 Gr/SB","1","M3","BAD","17","PT.GUNUNG SLAMAT"
"1711004_BN","Botol Biru 80 Gr/SB","1","M3","BONUS","17","PT.GUNUNG SLAMAT"
"1712011","Botol Biru 80 Gr/SB 100/CT","1","M3","GOOD","17","PT.GUNUNG SLAMAT"
"1712011_BD","Botol Biru 80 Gr/SB 100/CT","1","M3","BAD","17","PT.GUNUNG SLAMAT"
"BTF","BOTOL FRUITEA","1","M3","GOOD","17","PT.GUNUNG SLAMAT"
"BTF_BD","BOTOL FRUITEA","1","M3","BAD","17","PT.GUNUNG SLAMAT"
"1711002_BD","Botol Hijau 40 Gr / TA","1","M3","BAD","17","PT.GUNUNG SLAMAT"
"1711002_BN","Botol Hijau 40 Gr / TA","1","M3","BONUS","17","PT.GUNUNG SLAMAT"
"1712013_BD","Botol Hijau 40 Gr / TA 200/CT","1","M3","BAD","17","PT.GUNUNG SLAMAT"
"1712013","Botol Hijau 40 Gr / TA APGT 200/CT","1","M3","GOOD","17","PT.GUNUNG SLAMAT"
"1711001","Botol Hijau Lusinan  8 Gr/BI","1","M3","GOOD","17","PT.GUNUNG SLAMAT"
"1711001_BD","Botol Hijau Lusinan  8 Gr/BI","1","M3","BAD","17","PT.GUNUNG SLAMAT"
"1711001_BN","Botol Hijau Lusinan  8 Gr/BI","1","M3","BONUS","17","PT.GUNUNG SLAMAT"
"1711012_BD","BOTOL PREMIUM LUSINAN 8GR/BPL","1","M3","BAD","17","PT.GUNUNG SLAMAT"
"1722053","BOTOL SIGNATURE 25 / TCBS25 1PACK 5PC","1","M3","GOOD","17","PT.GUNUNG SLAMAT"
"1722053_BD","BOTOL SIGNATURE 25 / TCBS25 1PACK 5PC","1","M3","BAD","17","PT.GUNUNG SLAMAT"
"BTT","BOTOL TEBS","1","M3","GOOD","17","PT.GUNUNG SLAMAT"
"BT","BOTOL TEH SOSRO","1","M3","GOOD","17","PT.GUNUNG SLAMAT"
"BT_BD","BOTOL TEH SOSRO","0","M3","BAD","17","PT.GUNUNG SLAMAT"
"BBNG001","BUMBU NASI GORENG 25GR X 6SCH X 20PAK","0","M3","GOOD","SL","SEKAR LAUT"
"BBNG001_BD","BUMBU NASI GORENG 25GR X 6SCH X 20PAK","1","M3","BAD","SL","SEKAR LAUT"
"1711005_BD","Cap Botol Premium 100 Gr / BP 100","1","M3","BAD","17","PT.GUNUNG SLAMAT"
"CCKFF250","CC KOTAK FIT FRESH 250 ML 24PC","0","M3","GOOD","17","PT.GUNUNG SLAMAT"
"1713001","Celup Green 25/TBG 25","1","M3","GOOD","17","PT.GUNUNG SLAMAT"
"1713001_BD","Celup Green 25/TBG 25","1","M3","BAD","17","PT.GUNUNG SLAMAT"
"1713001_BN","Celup Green 25/TBG 25","1","M3","BONUS","17","PT.GUNUNG SLAMAT"
"1721008","Celup Poci Wangi Teh Vanila 4/TBB 4PV","0","M3","GOOD","17","PT.GUNUNG SLAMAT"
"1721008_BD","Celup Poci Wangi Teh Vanila 5/TBB 5PV","1","M3","BAD","17","PT.GUNUNG SLAMAT"
"1721006","Celup Sosro 100 / TBB 100","1","M3","GOOD","17","PT.GUNUNG SLAMAT"
"1721006_BD","Celup Sosro 100 / TBB 100","1","M3","BAD","17","PT.GUNUNG SLAMAT"
"1721006_BN","Celup Sosro 100 / TBB 100","1","M3","BONUS","17","PT.GUNUNG SLAMAT"
"1721003","Celup Sosro 15 / TBB 15","1","M3","GOOD","17","PT.GUNUNG SLAMAT"
"1721003_BD","Celup Sosro 15 / TBB 15","1","M3","BAD","17","PT.GUNUNG SLAMAT"
"1721003_BN","Celup Sosro 15 / TBB 15","1","M3","BONUS","17","PT.GUNUNG SLAMAT"
"1721003T","CELUP SOSRO 15/TBB 15 GET TUMBLER","0","M3","GOOD","17","PT.GUNUNG SLAMAT"
"1721004","Celup Sosro 30/ TBB 30","1","M3","GOOD","17","PT.GUNUNG SLAMAT"
"1721004_BD","Celup Sosro 30/ TBB 30","1","M3","BAD","17","PT.GUNUNG SLAMAT"
"1721004_BN","Celup Sosro 30/ TBB 30","1","M3","BONUS","17","PT.GUNUNG SLAMAT"
"1721005","Celup Sosro 50 / TBB 50","1","M3","GOOD","17","PT.GUNUNG SLAMAT"
"1721005_BD","Celup Sosro 50 / TBB 50","1","M3","BAD","17","PT.GUNUNG SLAMAT"
"1721005_BN","Celup Sosro 50 / TBB 50","1","M3","BONUS","17","PT.GUNUNG SLAMAT"
"1721001","Celup Sosro Black Tea 25 / TBB 25","1","M3","GOOD","17","PT.GUNUNG SLAMAT"
"1721001_BD","Celup Sosro Black Tea 25 / TBB 25","1","M3","BAD","17","PT.GUNUNG SLAMAT"
"1721001_BN","Celup Sosro Black Tea 25 / TBB 25","1","M3","BONUS","17","PT.GUNUNG SLAMAT"
"1713002","Celup Sosro Jasmine 25/TBJ 25","1","M3","GOOD","17","PT.GUNUNG SLAMAT"
"1713002_BD","Celup Sosro Jasmine 25/TBJ 25","1","M3","BAD","17","PT.GUNUNG SLAMAT"
"1713002_BN","Celup Sosro Jasmine 25/TBJ 25","1","M3","BONUS","17","PT.GUNUNG SLAMAT"
"1722040","Celup Sosro Sachet / TBB 4 240/CT","0","M3","GOOD","17","PT.GUNUNG SLAMAT"
"1722040_BD","Celup Sosro Sachet / TBB 4 240CT","1","M3","BAD","17","PT.GUNUNG SLAMAT"
"1721002","Celup Sosro Sachet / TBB 5","0","M3","GOOD","17","PT.GUNUNG SLAMAT"
"1721002_BD","Celup Sosro Sachet / TBB 5","1","M3","BAD","17","PT.GUNUNG SLAMAT"
"1721002_BN","Celup Sosro Sachet / TBB 5","1","M3","BONUS","17","PT.GUNUNG SLAMAT"
"1721007","Celup Sosro Sachet / TBB 5 200/CT","0","M3","GOOD","17","PT.GUNUNG SLAMAT"
"1721007_BD","Celup Sosro Sachet / TBB 5 200/CT","1","M3","BAD","17","PT.GUNUNG SLAMAT"
"BJCCKGD2501_BD","CHOICE KOTAK FF 250ML GUARDIAN RED","1","M3","BAD","17","PT.GUNUNG SLAMAT"
"CBH002","Container Botol Hybrid 3-3","1","M3","BONUS","17","PT.GUNUNG SLAMAT"
"CBH001","Container Botol Hybrid 3-4","1","M3","BONUS","17","PT.GUNUNG SLAMAT"
"CFB","CONTAINER FOOD BOTOL","1","M3","BONUS","17","PT.GUNUNG SLAMAT"
"CFP001","CONTAINER FOOD POCI","1","M3","BONUS","17","PT.GUNUNG SLAMAT"
"BJCCKAP0002","COUNTRY  CHOICE KOTAK  APPLE 1L K12","1","M3","GOOD","17","PT.GUNUNG SLAMAT"
"BJCCKAP0002_BD","COUNTRY  CHOICE KOTAK  APPLE 1L K12","1","M3","BAD","17","PT.GUNUNG SLAMAT"
"BJCCKAP0001","COUNTRY CHOICE APPLE KOTAK 1L K12K","1","M3","GOOD","17","PT.GUNUNG SLAMAT"
"BJCCKAP0001_BD","COUNTRY CHOICE APPLE KOTAK 1L K12K","1","M3","BAD","17","PT.GUNUNG SLAMAT"
"BJCCKOR0002","COUNTRY CHOICE KOTAK  ORANGE 1L K12","1","M3","GOOD","17","PT.GUNUNG SLAMAT"
"CCK1L","COUNTRY CHOICE KOTAK 1 L  12PC","0","M3","GOOD","17","PT.GUNUNG SLAMAT"
"BJCCKGD2501","COUNTRY CHOICE KOTAK FF 250ML GUARDIAN RED","1","M3","GOOD","17","PT.GUNUNG SLAMAT"
"BJCCKOR0001","COUNTRY CHOICE ORANGE KOTAL 1L 12K","1","M3","GOOD","17","PT.GUNUNG SLAMAT"
"BJCCKAP2501","COUNTRYCHOICE KOTAK  APPLE 250ML","1","M3","GOOD","17","PT.GUNUNG SLAMAT"
"BJCCKGV2501","COUNTRYCHOICE KOTAK GUAVA 250ML","1","M3","GOOD","17","PT.GUNUNG SLAMAT"
"BJCCKGV2501_BD","COUNTRYCHOICE KOTAK GUAVA 250ML","1","M3","BAD","17","PT.GUNUNG SLAMAT"
"BJCCKMN2501","COUNTRYCHOICE KOTAK MANGO 250ML","1","M3","GOOD","17","PT.GUNUNG SLAMAT"
"BJCCKOR2501","COUNTRYCHOICE KOTAK ORANGE 250ML","1","M3","GOOD","17","PT.GUNUNG SLAMAT"
"CCK250","COUNTRYCHOISE KOTAK 250 ML 24PC","0","M3","GOOD","17","PT.GUNUNG SLAMAT"
"BJPAP220001","DPRIMA 220 ML K48","1","M3","GOOD","17","PT.GUNUNG SLAMAT"
"1722069","ES TEH POCI PANDAN VANILLA SELASIH 15BSX10SC ETPPV","1","M3","GOOD","17","PT.GUNUNG SLAMAT"
"1722069_BD","ES TEH POCI PANDAN VANILLA SELASIH 15BSX10SC ETPPV","1","M3","BAD","17","PT.GUNUNG SLAMAT"
"1712069","ES TEH POCI SAKURA MATCHA LATTE 15BX10SCH","1","M3","GOOD","17","PT.GUNUNG SLAMAT"
"1712069_BD","ES TEH POCI SAKURA MATCHA LATTE 15BX10SCH","1","M3","BAD","17","PT.GUNUNG SLAMAT"
"1712070","ES TEH POCI TEH KRAMPUL SELASIH","1","M3","GOOD","17","PT.GUNUNG SLAMAT"
"1712070_BD","ES TEH POCI TEH KRAMPUL SELASIH","1","M3","BAD","17","PT.GUNUNG SLAMAT"
"1722071","Es Teh Poci Teh Pandan Van Selasih (isi 5)/ETPPV","1","M3","GOOD","17","PT.GUNUNG SLAMAT"
"1722071_BD","Es Teh Poci Teh Pandan Van Selasih (isi 5)/ETPPV","1","M3","BAD","17","PT.GUNUNG SLAMAT"
"1722070","Es Teh Poci Teh Tarik Gula Aren (isi 5pc)/ETPGA","1","M3","GOOD","17","PT.GUNUNG SLAMAT"
"1722068","ES TEH POCI TEH TARIK GULA AREN 15BSX10S/ETPGA","1","M3","GOOD","17","PT.GUNUNG SLAMAT"
"1722068_BD","ES TEH POCI TEH TARIK GULA AREN 15BSX10S/ETPGA","1","M3","BAD","17","PT.GUNUNG SLAMAT"
"1712169","ES TEH SAKURA MATCHA LATTE ( ISI 5)","1","M3","BAD","17","PT.GUNUNG SLAMAT"
"FCSC001","FINNA CHILI SAUCE 9GR X 30SCH X 20PAK","0","M3","GOOD","SL","SEKAR LAUT"
"FNTS001","FINNA TOMATO SAUCE 9GR X 30SCH X 20PAK","0","M3","GOOD","SL","SEKAR LAUT"
"BJFTEBC3506","FRUIT TEA  BLACKCURRENTPET350ML 12BT SHRINKS","1","M3","GOOD","17","PT.GUNUNG SLAMAT"
"FTB235","FRUIT TEA BOTOL 235ML 24BT","0","M3","GOOD","17","PT.GUNUNG SLAMAT"
"FTC20","FRUIT TEA CAN 318ML 20PC","0","M3","GOOD","17","PT.GUNUNG SLAMAT"
"FTC","FRUIT TEA CAN 318ML 24PC","1","M3","GOOD","17","PT.GUNUNG SLAMAT"
"FTG","FRUIT TEA GENGGAM 200ML 24PC","0","M3","GOOD","17","PT.GUNUNG SLAMAT"
"FTK","FRUIT TEA KOTAK 250ML 24PC","0","M3","GOOD","17","PT.GUNUNG SLAMAT"
"FTE500","FRUIT TEA PET 500ML 24BT","0","M3","GOOD","17","PT.GUNUNG SLAMAT"
"FTEBW350","FRUIT TEA PET BLEWAH 350ML 12BT","0","M3","GOOD","17","PT.GUNUNG SLAMAT"
"FTECN350","FRUIT TEA PET CONAT 350ML 12BT","0","M3","GOOD","17","PT.GUNUNG SLAMAT"
"FTE350","FRUIT TEA PET350ML 12BT","0","M3","GOOD","17","PT.GUNUNG SLAMAT"
"FTO","FRUIT TEA POUCH 230ML 24PC","0","M3","GOOD","17","PT.GUNUNG SLAMAT"
"BJFTKAP2501","FRUITEA KOTAK  APPLE 250ML K24","1","M3","GOOD","17","PT.GUNUNG SLAMAT"
"BJFTKAP2501_BD","FRUITEA KOTAK  APPLE 250ML K24","1","M3","BAD","17","PT.GUNUNG SLAMAT"
"BJFTKLM2502","FRUITEA KOTAK LEMON 250ML K24","1","M3","GOOD","17","PT.GUNUNG SLAMAT"
"BJFTKLM2502_BD","FRUITEA KOTAK LEMON 250ML K24","1","M3","BAD","17","PT.GUNUNG SLAMAT"
"BJFTELC0047","FRUITEA LEMON CONCENTRATE PET 500ML K12","1","M3","GOOD","17","PT.GUNUNG SLAMAT"
"BJFTEAP0005","FRUITTEA  PET APPLE 500ML","1","M3","GOOD","17","PT.GUNUNG SLAMAT"
"BJFTEAP0005_BD","FRUITTEA  PET APPLE 500ML","1","M3","BAD","17","PT.GUNUNG SLAMAT"
"BJFTBAP0001","FRUITTEA BOTOL APPLE 235ML 24BT","1","M3","GOOD","17","PT.GUNUNG SLAMAT"
"BJFTBAP0001_BD","FRUITTEA BOTOL APPLE 235ML 24BT","1","M3","BAD","17","PT.GUNUNG SLAMAT"
"BJFTBBC0001","FRUITTEA BTL BLACKCURRENT 235ML 24BT 24BT","1","M3","GOOD","17","PT.GUNUNG SLAMAT"
"BJFTBBC0001_BD","FRUITTEA BTL BLACKCURRENT 235ML 24BT 24BT","1","M3","BAD","17","PT.GUNUNG SLAMAT"
"BJFTCAP2000","FRUITTEA CAN APPLE 318 ML K20 20BT","1","M3","GOOD","17","PT.GUNUNG SLAMAT"
"BJFTCAP2000_BD","FRUITTEA CAN APPLE 318 ML K20 20BT","1","M3","BAD","17","PT.GUNUNG SLAMAT"
"BJFTGAP0001","FRUITTEA GENGGAM APPLE 200 ML K24 24BT","1","M3","GOOD","17","PT.GUNUNG SLAMAT"
"BJFTGAP0001_BD","FRUITTEA GENGGAM APPLE 200 ML K24 24BT","1","M3","BAD","17","PT.GUNUNG SLAMAT"
"BJFTGBC0001","FRUITTEA GENGGAM BCURRENT 200ML K24","1","M3","GOOD","17","PT.GUNUNG SLAMAT"
"BJFTGBC0001_BD","FRUITTEA GENGGAM BCURRENT 200ML K24","1","M3","BAD","17","PT.GUNUNG SLAMAT"
"BJFTGFR0001","FRUITTEA GENGGAM FREEZE 200ML K24","1","M3","GOOD","17","PT.GUNUNG SLAMAT"
"BJFTGFR0001_BD","FRUITTEA GENGGAM FREEZE 200ML K24","1","M3","BAD","17","PT.GUNUNG SLAMAT"
"BJFTGSB0001","FRUITTEA GENGGAM STRAWBERRY  200ML K24","1","M3","GOOD","17","PT.GUNUNG SLAMAT"
"BJFTGSB0001_BD","FRUITTEA GENGGAM STRAWBERRY  200ML K24","1","M3","BAD","17","PT.GUNUNG SLAMAT"
"BJFTKAP2001","FRUITTEA KOTAK APPLE  200ML 24PC","1","M3","GOOD","17","PT.GUNUNG SLAMAT"
"BJFTKBC2001","FRUITTEA KOTAK BLACKCURRENT  200ML 24PC","1","M3","GOOD","17","PT.GUNUNG SLAMAT"
"BJFTKBC2001_BD","FRUITTEA KOTAK BLACKCURRENT  200ML 24PC","1","M3","BAD","17","PT.GUNUNG SLAMAT"
"BJFTKBC2501","FRUITTEA KOTAK BLACKCURRENT 250 ML K24","1","M3","GOOD","17","PT.GUNUNG SLAMAT"
"BJFTKBC2501_BD","FRUITTEA KOTAK BLACKCURRENT 250 ML K24","1","M3","BAD","17","PT.GUNUNG SLAMAT"
"BJFTKFR2001","FRUITTEA KOTAK FREEZE  200ML 24PC","1","M3","GOOD","17","PT.GUNUNG SLAMAT"
"BJFTESB0005","FRUITTEA PET  STRAWBERRY 500ML 24BT","1","M3","GOOD","17","PT.GUNUNG SLAMAT"
"BJFTESB0005_BD","FRUITTEA PET  STRAWBERRY 500ML 24BT","1","M3","BAD","17","PT.GUNUNG SLAMAT"
"BJFTEAP3505","FRUITTEA PET APPLE 350ML 12BT","1","M3","GOOD","17","PT.GUNUNG SLAMAT"
"BJFTEAP3505_BD","FRUITTEA PET APPLE 350ML 12BT","1","M3","BAD","17","PT.GUNUNG SLAMAT"
"BJFTEBC3505","FRUITTEA PET BLACKCURENT 350ML","1","M3","GOOD","17","PT.GUNUNG SLAMAT"
"BJFTEBC3505_BD","FRUITTEA PET BLACKCURENT 350ML","1","M3","BAD","17","PT.GUNUNG SLAMAT"
"BJFTEBC0005","FRUITTEA PET BLACKCURRENT 500ML 24BT","1","M3","GOOD","17","PT.GUNUNG SLAMAT"
"BJFTEBC0005_BD","FRUITTEA PET BLACKCURRENT 500ML 24BT","1","M3","BAD","17","PT.GUNUNG SLAMAT"
"BJFTEBC0045","FRUITTEA PET CONCENTRAT BLACKCURRENT 500ML K24","1","M3","GOOD","17","PT.GUNUNG SLAMAT"
"BJFTEFR3505","FRUITTEA PET FREEZE 350ML 12BT","1","M3","GOOD","17","PT.GUNUNG SLAMAT"
"BJFTEFR3505_BD","FRUITTEA PET FREEZE 350ML 12BT","1","M3","BAD","17","PT.GUNUNG SLAMAT"
"BJFTELM3501","FRUITTEA PET LEMON 350ML 12BT","1","M3","GOOD","17","PT.GUNUNG SLAMAT"
"BJFTELM3505_BD","FRUITTEA PET LEMON 350ML 12BT","1","M3","BAD","17","PT.GUNUNG SLAMAT"
"BJFTELM3505","FRUITTEA PET LEMON 350ML 12BT SHRINK","1","M3","GOOD","17","PT.GUNUNG SLAMAT"
"BJFTEMK3506","FRUITTEA PET MARKISA 350ML 12 SHRINK","0","M3","GOOD","17","PT.GUNUNG SLAMAT"
"BJFTEMK3505","FRUITTEA PET MARKISA 350ML 12BT","1","M3","GOOD","17","PT.GUNUNG SLAMAT"
"BJFTEMK3505_BD","FRUITTEA PET MARKISA 350ML 12BT","1","M3","BAD","17","PT.GUNUNG SLAMAT"
"BJFTESB3505","FRUITTEA PET STRAWBERRY 350ML 12BT","1","M3","GOOD","17","PT.GUNUNG SLAMAT"
"BJFTESB3506","FRUITTEA PET STRAWBERRY 350ML 12BT SHRINK","1","M3","GOOD","17","PT.GUNUNG SLAMAT"
"BJFTESB3506_BD","FRUITTEA PET STRAWBERRY 350ML 12BT SHRINK","1","M3","BAD","17","PT.GUNUNG SLAMAT"
"BJFTEXT0005","FRUITTEA PET X-TREAM 500ML 24BT","1","M3","GOOD","17","PT.GUNUNG SLAMAT"
"BJFTEXT0005_BD","FRUITTEA PET X-TREAM 500ML 24BT","1","M3","BAD","17","PT.GUNUNG SLAMAT"
"BJFTOAP2001","FRUITTEA POUCH APPLE 200ML K24","1","M3","GOOD","17","PT.GUNUNG SLAMAT"
"BJFTOAP2001_BD","FRUITTEA POUCH APPLE 200ML K24","1","M3","BAD","17","PT.GUNUNG SLAMAT"
"BJFTOBC2001","FRUITTEA POUCH BLCURRENT 200ML K24","1","M3","GOOD","17","PT.GUNUNG SLAMAT"
"BJFTOBC2001_BD","FRUITTEA POUCH BLCURRENT 200ML K24","1","M3","BAD","17","PT.GUNUNG SLAMAT"
"BJFTCBC2000","FRUTTEA CAN BLACKCURRENT 318ML 20C","1","M3","GOOD","17","PT.GUNUNG SLAMAT"
"BJFTKLM2501","FTK LM 250 ML K24","1","M3","GOOD","17","PT.GUNUNG SLAMAT"
"BJFTKLM2501_BD","FTK LM 250 ML K24","1","M3","BAD","17","PT.GUNUNG SLAMAT"
"BJFTEBW3501","FUITTEA PET BLEWAH 350ML 12BT SHRINK","1","M3","GOOD","17","PT.GUNUNG SLAMAT"
"BJFTEBW3501_BD","FUITTEA PET BLEWAH 350ML 12BT SHRINK","1","M3","BAD","17","PT.GUNUNG SLAMAT"
"BJFTEFR5001","FUITTEA PET FREEZE 500ML 24BT","1","M3","GOOD","17","PT.GUNUNG SLAMAT"
"BJFTEFR5001_BD","FUITTEA PET FREEZE 500ML 24BT","1","M3","BAD","17","PT.GUNUNG SLAMAT"
"BKPAB190001","GALON","1","M3","GOOD","17","PT.GUNUNG SLAMAT"
"GALON","GALON PRIMA","0","M3","GOOD","17","PT.GUNUNG SLAMAT"
"BNGL","GELAS  POCI","1","M3","GOOD","17","PT.GUNUNG SLAMAT"
"BNGL01","GELAS BELIMBING","1","M3","GOOD","17","PT.GUNUNG SLAMAT"
"BNGL04","GELAS CANGKIR","1","M3","GOOD","17","PT.GUNUNG SLAMAT"
"BNGL03","GELAS JUICE","1","M3","GOOD","17","PT.GUNUNG SLAMAT"
"BNGL02","GELAS JUMBO","1","M3","GOOD","17","PT.GUNUNG SLAMAT"
"BNGL05","GELAS MUG","1","M3","GOOD","17","PT.GUNUNG SLAMAT"
"BNPKL","GELAS POCI BN PKL","1","M3","BONUS","17","PT.GUNUNG SLAMAT"
"GL001","GELAS POLOS POCI","1","M3","GOOD","17","PT.GUNUNG SLAMAT"
"JAYO","JAYO 150ML 12BT","0","M3","GOOD","17","PT.GUNUNG SLAMAT"
"JTE350","JOY TEA 350 ML 12PC","0","M3","GOOD","17","PT.GUNUNG SLAMAT"
"BJJTEOL3501","JOY TEA SOSRO OOLONG PET 350ML K12","1","M3","GOOD","17","PT.GUNUNG SLAMAT"
"KRPIMA","KAOS OBLONG PRIM-A","1","M3","BONUS","17","PT.GUNUNG SLAMAT"
"KPRIMA","KASO PRIMA","1","M3","BONUS","17","PT.GUNUNG SLAMAT"
"KRSB001","KERUPUK SELERAKU BAWANG 60GX3PCSX15PAK","0","M3","GOOD","SL","SEKAR LAUT"
"KRSB001_BD","KERUPUK SELERAKU BAWANG 60GX3PCSX15PAK","1","M3","BAD","SL","SEKAR LAUT"
"KRSB002","KERUPUK SELERAKU BAWANG 60GX4PCSX15PAK","0","M3","GOOD","SL","SEKAR LAUT"
"KRSB002_BD","KERUPUK SELERAKU BAWANG 60GX4PCSX15PAK","1","M3","BAD","SL","SEKAR LAUT"
"KRSU001","KERUPUK SELERAKU UDANG 60GX3PCSX15PAK","0","M3","GOOD","SL","SEKAR LAUT"
"KRSU001_BD","KERUPUK SELERAKU UDANG 60GX3PCSX15PAK","1","M3","BAD","SL","SEKAR LAUT"
"KRSU002","KERUPUK SELERAKU UDANG 60GX4PCSX15PAK","0","M3","GOOD","SL","SEKAR LAUT"
"KRSU002_BD","KERUPUK SELERAKU UDANG 60GX4PCSX15PAK","1","M3","BAD","SL","SEKAR LAUT"
"KB","KRAT BOTOL","0","M3","GOOD","17","PT.GUNUNG SLAMAT"
"KPB","KRAT DAN BOTOL","0","M3","GOOD","17","PT.GUNUNG SLAMAT"
"KRTF","KRAT FRUITTEA","1","M3","GOOD","17","PT.GUNUNG SLAMAT"
"KP","KRAT PETI","0","M3","GOOD","17","PT.GUNUNG SLAMAT"
"KRTS","KRAT S-TEE","1","M3","GOOD","17","PT.GUNUNG SLAMAT"
"KRT","KRAT SOSRO MERAH","1","M3","GOOD","17","PT.GUNUNG SLAMAT"
"KRTB","KRAT TEBS","1","M3","GOOD","17","PT.GUNUNG SLAMAT"
"1712005","Poci Biru 40 Gr/TPB","1","M3","GOOD","17","PT.GUNUNG SLAMAT"
"1712005_BD","Poci Biru 40 Gr/TPB","1","M3","BAD","17","PT.GUNUNG SLAMAT"
"1712005_BN","Poci Biru 40 Gr/TPB","1","M3","BONUS","17","PT.GUNUNG SLAMAT"
"1712008","Poci Biru 80 Gr/TPBB","1","M3","GOOD","17","PT.GUNUNG SLAMAT"
"1712008_BD","Poci Biru 80 Gr/TPBB","1","M3","BAD","17","PT.GUNUNG SLAMAT"
"1712002_BD","Poci Biru Lusinan/PBL","1","M3","BAD","17","PT.GUNUNG SLAMAT"
"1722013","Poci Celup Apel 25 /TBB25PA","0","M3","GOOD","17","PT.GUNUNG SLAMAT"
"1722013_BD","Poci Celup Apel 25 /TBB25PA","1","M3","BAD","17","PT.GUNUNG SLAMAT"
"1722010","Poci Celup Lemon 25 / TBB25 PL","1","M3","GOOD","17","PT.GUNUNG SLAMAT"
"1722010_BD","Poci Celup Lemon 25 / TBB25 PL","1","M3","BAD","17","PT.GUNUNG SLAMAT"
"1722010_BN","Poci Celup Lemon 25 / TBB25 PL","1","M3","BONUS","17","PT.GUNUNG SLAMAT"
"1722011","Poci Celup Rose 25 / TBB25 PR","0","M3","GOOD","17","PT.GUNUNG SLAMAT"
"1722011_BD","Poci Celup Rose 25 / TBB25 PR","1","M3","BAD","17","PT.GUNUNG SLAMAT"
"1722012","Poci Celup Strawbery 25 / TBB25PS","0","M3","GOOD","17","PT.GUNUNG SLAMAT"
"1722012_BD","Poci Celup Strawbery 25 / TBB25PS","1","M3","BAD","17","PT.GUNUNG SLAMAT"
"1722009","Poci Celup Vanila 25 / TBB25 PV","1","M3","GOOD","17","PT.GUNUNG SLAMAT"
"1722009_BD","Poci Celup Vanila 25 / TBB25 PV","1","M3","BAD","17","PT.GUNUNG SLAMAT"
"1722009_BN","Poci Celup Vanila 25 / TBB25 PV","1","M3","BONUS","17","PT.GUNUNG SLAMAT"
"1722062","POCI CELUP VANILLA 4B/TBB 4B PV 240/CT","1","M3","GOOD","17","PT.GUNUNG SLAMAT"
"1722062_BD","POCI CELUP VANILLA 4B/TBB 4B PV 240/CT","1","M3","BAD","17","PT.GUNUNG SLAMAT"
"1722008","Poci Celup Wangi Teh Asli 25 / TBB25 P","1","M3","GOOD","17","PT.GUNUNG SLAMAT"
"1722008_BD","Poci Celup Wangi Teh Asli 25 / TBB25 P","1","M3","BAD","17","PT.GUNUNG SLAMAT"
"1722008_BN","Poci Celup Wangi Teh Asli 25 / TBB25 P","1","M3","BONUS","17","PT.GUNUNG SLAMAT"
"1712004_BD","Poci Coklat 40 Gr/TPC","1","M3","BAD","17","PT.GUNUNG SLAMAT"
"1712010_BD","Poci Coklat 40 Gr/TPC 200/CT","1","M3","BAD","17","PT.GUNUNG SLAMAT"
"1712009_BD","Poci Hijau 40 gr","1","M3","BAD","17","PT.GUNUNG SLAMAT"
"1712009","Poci Hijau 40 gr/TPH 10","1","M3","GOOD","17","PT.GUNUNG SLAMAT"
"1722067","POCI HIJAU 40GR/TPH 20","0","M3","GOOD","17","PT.GUNUNG SLAMAT"
"1722018","POCI HIJAU CELUP 25/TCPH 25","0","M3","GOOD","17","PT.GUNUNG SLAMAT"
"1722018_BD","POCI HIJAU CELUP 25/TCPH 25","1","M3","BAD","17","PT.GUNUNG SLAMAT"
"1712006","Poci Kuning 40 Gr/TPK","1","M3","GOOD","17","PT.GUNUNG SLAMAT"
"1712006_BD","Poci Kuning 40 Gr/TPK","1","M3","BAD","17","PT.GUNUNG SLAMAT"
"1712006_BN","Poci Kuning 40 Gr/TPK","1","M3","BONUS","17","PT.GUNUNG SLAMAT"
"1712007","Poci Kuning 40 Gr/TPK MT","1","M3","GOOD","17","PT.GUNUNG SLAMAT"
"1712007_BD","Poci Kuning 40 Gr/TPK MT","1","M3","BAD","17","PT.GUNUNG SLAMAT"
"1712004","POCI KUNING LUSINAN 10gr/PKL","0","M3","GOOD","17","PT.GUNUNG SLAMAT"
"1722032","POCI KUNING LUSINAN 10GR/PKL","1","M3","GOOD","17","PT.GUNUNG SLAMAT"
"1722032_BD","POCI KUNING LUSINAN 10GR/PKL","1","M3","BAD","17","PT.GUNUNG SLAMAT"
"1712003","Poci Kuning Lusinan 8 gr/PKL","0","M3","GOOD","17","PT.GUNUNG SLAMAT"
"1712003_BD","Poci Kuning Lusinan 8 gr/PKL","1","M3","BAD","17","PT.GUNUNG SLAMAT"
"1722021_BD","Poci Mas Gold  80Gr","1","M3","BAD","17","PT.GUNUNG SLAMAT"
"1722023","Poci Mas Gold 40gr/TPG 10/bos","1","M3","GOOD","17","PT.GUNUNG SLAMAT"
"1722023_BD","Poci Mas Gold 40gr/TPG 10/bos","1","M3","BAD","17","PT.GUNUNG SLAMAT"
"1722023_BN","Poci Mas Gold 40gr/TPG 10/bos","1","M3","BONUS","17","PT.GUNUNG SLAMAT"
"1722024","Poci Mas Gold 80Gr TPGB 5/bos","1","M3","GOOD","17","PT.GUNUNG SLAMAT"
"1722024_BD","Poci Mas Gold 80Gr TPGB 5/bos","1","M3","BAD","17","PT.GUNUNG SLAMAT"
"1722022","POCI MAS GOLD LUSINAN/PGL","1","M3","GOOD","17","PT.GUNUNG SLAMAT"
"1722022_BD","POCI MAS GOLD LUSINAN/PGL","1","M3","BAD","17","PT.GUNUNG SLAMAT"
"1722052","POCI PREMIUM SACHET 15 TPP15 12PC","0","M3","GOOD","17","PT.GUNUNG SLAMAT"
"1722052_BD","POCI PREMIUM SACHET 15 TPP15 12PC","1","M3","BAD","17","PT.GUNUNG SLAMAT"
"1722072","POCI RACIK AROMA 160GR/RTKSA160","1","M3","GOOD","17","PT.GUNUNG SLAMAT"
"1722073","POCI RACIK ORI 160GR/RTKSO160","1","M3","GOOD","17","PT.GUNUNG SLAMAT"
"1722005","Poci Seduh Apel 50 Gr / PA 50","0","M3","GOOD","17","PT.GUNUNG SLAMAT"
"1722005_BD","Poci Seduh Apel 50 Gr / PA 50","1","M3","BAD","17","PT.GUNUNG SLAMAT"
"1722002_BD","Poci Seduh Lemon 50 Gr /PL 50","1","M3","BAD","17","PT.GUNUNG SLAMAT"
"1722003_BD","Poci Seduh Rose 50 Gr /PR 50","1","M3","BAD","17","PT.GUNUNG SLAMAT"
"1722004_BD","Poci Seduh Strawberry 50 Gr/ PS 50","1","M3","BAD","17","PT.GUNUNG SLAMAT"
"1722001","Poci seduh Vanila 50 Gr / PV 50","1","M3","GOOD","17","PT.GUNUNG SLAMAT"
"1722001_BD","Poci seduh Vanila 50 Gr / PV 50","1","M3","BAD","17","PT.GUNUNG SLAMAT"
"1722001_BN","Poci seduh Vanila 50 Gr / PV 50","1","M3","BONUS","17","PT.GUNUNG SLAMAT"
"1722031","POCI TANAH WALUH","0","M3","GOOD","17","PT.GUNUNG SLAMAT"
"1722030","POCI TEKO TANAH HARMONY","0","M3","GOOD","17","PT.GUNUNG SLAMAT"
"BJPAH150003","PRIMA 1500 ML K12 SHORT NECK - HANGER","1","M3","GOOD","17","PT.GUNUNG SLAMAT"
"BJPAH150003_BD","PRIMA 1500 ML K12 SHORT NECK - HANGER","1","M3","BAD","17","PT.GUNUNG SLAMAT"
"PAB1500","PRIMA 1500ML 12BT","0","M3","GOOD","17","PT.GUNUNG SLAMAT"
"PABH1500","PRIMA 1500ML HANGR 12BT","0","M3","GOOD","17","PT.GUNUNG SLAMAT"
"BJPAP220001_BD","PRIMA 220 ML K48","1","M3","BAD","17","PT.GUNUNG SLAMAT"
"PAB220","PRIMA 220ML 20BT","0","M3","GOOD","17","PT.GUNUNG SLAMAT"
"PAP220","PRIMA 220ML 48PC","0","M3","GOOD","17","PT.GUNUNG SLAMAT"
"BJPAB220001","PRIMA 220ML K20 BT","1","M3","GOOD","17","PT.GUNUNG SLAMAT"
"BJPAB220001_BD","PRIMA 220ML K20 BT","1","M3","BAD","17","PT.GUNUNG SLAMAT"
"PAB330","PRIMA 330ML 24 BT","0","M3","GOOD","17","PT.GUNUNG SLAMAT"
"BJPAB330065","PRIMA 330ML K24 SHORT NECK","1","M3","GOOD","17","PT.GUNUNG SLAMAT"
"BJPAB330065_BD","PRIMA 330ML K24 SHORT NECK","1","M3","BAD","17","PT.GUNUNG SLAMAT"
"BJPAB330066","PRIMA 330ML K24 SHORT NECK","1","M3","GOOD","17","PT.GUNUNG SLAMAT"
"PAB600","PRIMA 600 ML 24BT","0","M3","GOOD","17","PT.GUNUNG SLAMAT"
"BJPAB600052","PRIMA 600ML K24 SHORT NECK","1","M3","GOOD","17","PT.GUNUNG SLAMAT"
"BJPAB600052_BD","PRIMA 600ML K24 SHORT NECK","1","M3","BAD","17","PT.GUNUNG SLAMAT"
"PG","PRIMA GALON","0","M3","GOOD","17","PT.GUNUNG SLAMAT"
"BJPAB190001","PRIMA GALON 19 LITER","1","M3","GOOD","17","PT.GUNUNG SLAMAT"
"BJPAB190001_BD","PRIMA GALON 19 LITER","1","M3","BAD","17","PT.GUNUNG SLAMAT"
"BJFTESB3501","RUITTEA PETSTRAWBERRY 350ML 12","1","M3","GOOD","17","PT.GUNUNG SLAMAT"
"BJSTK200001","S TEE KOTAK 200 ML K24","1","M3","GOOD","17","PT.GUNUNG SLAMAT"
"BJSTK200001_BD","S TEE KOTAK 200 ML K24","1","M3","BAD","17","PT.GUNUNG SLAMAT"
"STK200","S TEE KOTAK 200ML 24PC","0","M3","GOOD","17","PT.GUNUNG SLAMAT"
"BJSTK200005","S TEE KOTAK 200ML K24 ROCKET CHICKEN","1","M3","GOOD","17","PT.GUNUNG SLAMAT"
"STE390","S TEE PET 390ML 12BT","0","M3","GOOD","17","PT.GUNUNG SLAMAT"
"STEE390","S TEE PET 390ML 12BT","0","M3","GOOD","17","PT.GUNUNG SLAMAT"
"BJSTE390005","S TEE PET 390ML K12 HOTFILL","1","M3","GOOD","17","PT.GUNUNG SLAMAT"
"BJSTE390005_BD","S TEE PET 390ML K12 HOTFILL","1","M3","BAD","17","PT.GUNUNG SLAMAT"
"STB234","S-TEE 234 ML 24BT","0","M3","GOOD","17","PT.GUNUNG SLAMAT"
"1714001","Sadel Hijau 40 Gr/ TSDH","1","M3","GOOD","17","PT.GUNUNG SLAMAT"
"1714001_BD","Sadel Hijau 40 Gr/ TSDH","1","M3","BAD","17","PT.GUNUNG SLAMAT"
"1714001_BN","Sadel Hijau 40 Gr/ TSDH","1","M3","BONUS","17","PT.GUNUNG SLAMAT"
"1722061","SADEL HIJAU 40GR SACHET TSDH SACHET","0","M3","GOOD","17","PT.GUNUNG SLAMAT"
"1722061_BD","SADEL HIJAU 40GR SACHET TSDH SACHET","1","M3","BAD","17","PT.GUNUNG SLAMAT"
"1714002","Sadel Hijau 80 Gr/TSDHB","1","M3","GOOD","17","PT.GUNUNG SLAMAT"
"1714002_BD","Sadel Hijau 80 Gr/TSDHB","1","M3","BAD","17","PT.GUNUNG SLAMAT"
"1714002_BN","Sadel Hijau 80 Gr/TSDHB","1","M3","BONUS","17","PT.GUNUNG SLAMAT"
"SMBW001","SAMBAL BAWANG 190GRX12JAR","0","M3","GOOD","SL","SEKAR LAUT"
"SMBW001_BD","SAMBAL BAWANG 190GRX12JAR","1","M3","BAD","SL","SEKAR LAUT"
"SMBW003","SAMBAL BAWANG 20GR X 10SCH X 10PAK","0","M3","GOOD","SL","SEKAR LAUT"
"SMBW003_BD","SAMBAL BAWANG 20GR X 10SCH X 10PAK","1","M3","BAD","SL","SEKAR LAUT"
"SMHJ001","SAMBAL HIJAU 190GRX12JAR","0","M3","GOOD","SL","SEKAR LAUT"
"SMHJ001_BD","SAMBAL HIJAU 190GRX12JAR","1","M3","BAD","SL","SEKAR LAUT"
"SMIJ002","SAMBAL IJO 20GR X 10SCH X 10PAK","0","M3","GOOD","SL","SEKAR LAUT"
"SMIJ002_BD","SAMBAL IJO 20GR X 10SCH X 10PAK","1","M3","BAD","SL","SEKAR LAUT"
"SMKM002","SAMBAL KEMIRI 20GR X 10SCH X 10PAK","0","M3","GOOD","SL","SEKAR LAUT"
"SMKM002_BD","SAMBAL KEMIRI 20GR X 10SCH X 10PAK","1","M3","BAD","SL","SEKAR LAUT"
"SMPD001","SAMBAL PEDAS 190GRX12JAR","0","M3","GOOD","SL","SEKAR LAUT"
"SMPD001_BD","SAMBAL PEDAS 190GRX12JAR","1","M3","BAD","SL","SEKAR LAUT"
"SMPD002","SAMBAL PEDAS 20GR X 10SCH X 10PAK","0","M3","GOOD","SL","SEKAR LAUT"
"SMPD002_BD","SAMBAL PEDAS 20GR X 10SCH X 10PAK","1","M3","BAD","SL","SEKAR LAUT"
"SMRW002","SAMBAL RAWIT 20GR X 10SCH X 10PAK","0","M3","GOOD","SL","SEKAR LAUT"
"SMRW002_BD","SAMBAL RAWIT 20GR X 10SCH X 10PAK","1","M3","BAD","SL","SEKAR LAUT"
"SMTR001","SAMBAL TERASI 190GRX12JAR","0","M3","GOOD","SL","SEKAR LAUT"
"SMTR001_BD","SAMBAL TERASI 190GRX12JAR","1","M3","BAD","SL","SEKAR LAUT"
"SMTR002","SAMBAL TERASI 21GR X 10SCH X 10PAK","0","M3","GOOD","SL","SEKAR LAUT"
"SMTR002_BD","SAMBAL TERASI 21GR X 10SCH X 10PAK","1","M3","BAD","SL","SEKAR LAUT"
"SMTI002","SAMBAL TERI 18GR X 10SCH X 10PAK","0","M3","GOOD","SL","SEKAR LAUT"
"SMTI002_BD","SAMBAL TERI 18GR X 10SCH X 10PAK","1","M3","BAD","SL","SEKAR LAUT"
"1722074","SOSRO CELUP 15 THUMBLER BANDED","1","M3","GOOD","17","PT.GUNUNG SLAMAT"
"1722054","SOSRO CELUP 2IN1 5 8PCX6PACK TSC2B 5","1","M3","GOOD","17","PT.GUNUNG SLAMAT"
"1721014","SOSRO CELUP TBB30 FOIL ENVELOPE FOODSERVICE","1","M3","GOOD","17","PT.GUNUNG SLAMAT"
"1713004_BD","Sosro Super 100 Gr/SS 100","1","M3","BAD","17","PT.GUNUNG SLAMAT"
"1722043","TASSEO DARJEELING/TADJ","0","M3","GOOD","17","PT.GUNUNG SLAMAT"
"1722047","TASSEO EARL GRAY/TEG20","0","M3","GOOD","17","PT.GUNUNG SLAMAT"
"1722046","TASSEO ENGLISH BREAKFAST/TEB20","0","M3","GOOD","17","PT.GUNUNG SLAMAT"
"1722042","TASSEO JAVA JASMINE/TAJJ","0","M3","GOOD","17","PT.GUNUNG SLAMAT"
"1722048","TASSEO LEMON GRASS/TALG","0","M3","GOOD","17","PT.GUNUNG SLAMAT"
"1722045","TASSEO PEACH/TAPE","0","M3","GOOD","17","PT.GUNUNG SLAMAT"
"1722044","TASSEO PURE GREEN/TAPG","0","M3","GOOD","17","PT.GUNUNG SLAMAT"
"BJTBE350029","TBE 350 ML K12 ASEPTIC","1","M3","GOOD","17","PT.GUNUNG SLAMAT"
"BJTBE350029_BD","TBE 350 ML K12 ASEPTIC","1","M3","BAD","17","PT.GUNUNG SLAMAT"
"BJTBE350037","TBE 350 ML K12 ASEPTIC LESS SUGAR","1","M3","GOOD","17","PT.GUNUNG SLAMAT"
"BJTBE350037_BD","TBE 350 ML K12 ASEPTIC LESS SUGAR","1","M3","BAD","17","PT.GUNUNG SLAMAT"
"BJTBE450001","TBE 450 ML K24","1","M3","GOOD","17","PT.GUNUNG SLAMAT"
"BJTBE450001_BD","TBE 450 ML K24","1","M3","BAD","17","PT.GUNUNG SLAMAT"
"BJTBE350033","TBE SOSRO PET 350ML ANTISEPTIC TAWAR 12K","1","M3","GOOD","17","PT.GUNUNG SLAMAT"
"BJTBE350033_BD","TBE SOSRO PET 350ML ANTISEPTIC TAWAR 12K","1","M3","BAD","17","PT.GUNUNG SLAMAT"
"BJTSB230002","TEBS BOTOL 230 ML 24BT","1","M3","GOOD","17","PT.GUNUNG SLAMAT"
"BJTSB230002_BD","TEBS BOTOL 230 ML 24BT","1","M3","BAD","17","PT.GUNUNG SLAMAT"
"TSB230","TEBS BOTOL 230ML 24BT","0","M3","GOOD","17","PT.GUNUNG SLAMAT"
"TSC20","TEBS CAN 330 ML 20PC","0","M3","GOOD","17","PT.GUNUNG SLAMAT"
"TSC","TEBS CAN 330 ML 24PC","0","M3","GOOD","17","PT.GUNUNG SLAMAT"
"BJTSC330200","TEBS CAN 330 ML K20","1","M3","GOOD","17","PT.GUNUNG SLAMAT"
"BJTSC330200_BD","TEBS CAN 330 ML K20","1","M3","BAD","17","PT.GUNUNG SLAMAT"
"TSE300","TEBS PET 300 ML 12BT","0","M3","GOOD","17","PT.GUNUNG SLAMAT"
"TSE500","TEBS PET 500 ml","0","M3","GOOD","17","PT.GUNUNG SLAMAT"
"BJTSE500001","TEBS PET 500 ML K24","1","M3","GOOD","17","PT.GUNUNG SLAMAT"
"BJTSE500001_BD","TEBS PET 500 ML K24","1","M3","BAD","17","PT.GUNUNG SLAMAT"
"BJTSE300003","TEBS PET MIX FRUIT 300ML K12","1","M3","GOOD","17","PT.GUNUNG SLAMAT"
"BJTSE300003_BD","TEBS PET MIX FRUIT 300ML K12","1","M3","BAD","17","PT.GUNUNG SLAMAT"
"BJTSE300007","TEBS PETS LEMON LIME 300ML K12","1","M3","GOOD","17","PT.GUNUNG SLAMAT"
"BJTSE300007_BD","TEBS PETS LEMON LIME 300ML K12","1","M3","BAD","17","PT.GUNUNG SLAMAT"
"1722066","TEH BOTOL CELUP MELATI 15/TBCM 15","1","M3","GOOD","17","PT.GUNUNG SLAMAT"
"1722066_BD","TEH BOTOL CELUP MELATI 15/TBCM 15","1","M3","BAD","17","PT.GUNUNG SLAMAT"
"BJTBE350034","TEH BOTOL PET 350ML ANTISEPTIC TAWAR K12","1","M3","GOOD","17","PT.GUNUNG SLAMAT"
"BJTBE350034_BD","TEH BOTOL PET 350ML ANTISEPTIC TAWAR K12","1","M3","BAD","17","PT.GUNUNG SLAMAT"
"BJTBS220001","TEH BOTOL SOSRO 220 ML","1","M3","GOOD","17","PT.GUNUNG SLAMAT"
"BJTBS220001_BD","TEH BOTOL SOSRO 220 ML","1","M3","BAD","17","PT.GUNUNG SLAMAT"
"TBS220","TEH BOTOL SOSRO 220 ML 24BBT","0","M3","GOOD","17","PT.GUNUNG SLAMAT"
"TBK1L","TEH BOTOL SOSRO KOTAK 1L 12PC","0","M3","GOOD","17","PT.GUNUNG SLAMAT"
"BJTBK250047","TEH BOTOL SOSRO KOTAK 250ML LESS SUGAR  K24","1","M3","GOOD","17","PT.GUNUNG SLAMAT"
"BJTBK250047_BD","TEH BOTOL SOSRO KOTAK 250ML LESS SUGAR  K24","1","M3","BAD","17","PT.GUNUNG SLAMAT"
"BJTBK300003","TEH BOTOL SOSRO KOTAK 300ML K24 -PROGRAM","1","M3","GOOD","17","PT.GUNUNG SLAMAT"
"BJTBE350053","TEH BOTOL SOSRO PET 350ML K12 ASEPTIC","1","M3","GOOD","17","PT.GUNUNG SLAMAT"
"BJTBE350053_BD","TEH BOTOL SOSRO PET 350ML K12 ASEPTIC","1","M3","BAD","17","PT.GUNUNG SLAMAT"
"1721009","TEH CAP BOTOL CELUP VINTAGE/TCBV","1","M3","GOOD","17","PT.GUNUNG SLAMAT"
"1721009_BD","TEH CAP BOTOL CELUP VINTAGE/TCBV","1","M3","BAD","17","PT.GUNUNG SLAMAT"
"1711009","TEH CAP BOTOL HIJAU 25 ENV/TCBH25E","1","M3","GOOD","17","PT.GUNUNG SLAMAT"
"1711008","Teh Cap Botol Hijau Celup 25 / TCBH25","1","M3","GOOD","17","PT.GUNUNG SLAMAT"
"1711008_BD","Teh Cap Botol Hijau Celup 25 / TCBH25","1","M3","BAD","17","PT.GUNUNG SLAMAT"
"1722049","TEH CAP BOTOL HIJAU CELUP 4 TCBH4 /24pc","0","M3","GOOD","17","PT.GUNUNG SLAMAT"
"1722049_BD","TEH CAP BOTOL HIJAU CELUP 4 TCBH4 /24pc","1","M3","BAD","17","PT.GUNUNG SLAMAT"
"1722057","TEH CAP BOTOL HIJAU CELUP 4/TCBH 4B 240/CT","1","M3","GOOD","17","PT.GUNUNG SLAMAT"
"1722057_BD","TEH CAP BOTOL HIJAU CELUP 4/TCBH 4B 240/CT","1","M3","BAD","17","PT.GUNUNG SLAMAT"
"1711007_BD","Teh Cap Botol Hijau Celup 5 / TCBH5","1","M3","BAD","17","PT.GUNUNG SLAMAT"
"1722036","TEH CAP POCI HIJAU CELUP 25/TCPH25","0","M3","GOOD","17","PT.GUNUNG SLAMAT"
"1722036_BD","TEH CAP POCI HIJAU CELUP 25/TCPH25","1","M3","BAD","17","PT.GUNUNG SLAMAT"
"1722035","TEH CAP POCI HIJAU CELUP 5/TPH5","0","M3","GOOD","17","PT.GUNUNG SLAMAT"
"1722035_BD","TEH CAP POCI HIJAU CELUP 5/TPH5","1","M3","BAD","17","PT.GUNUNG SLAMAT"
"1722038","Teh Cap Poci Jasmine 4 TCPJ 4B 6PC/PCK","0","M3","GOOD","17","PT.GUNUNG SLAMAT"
"1722038_BD","Teh Cap Poci Jasmine 4 TCPJ 4B 6PC/PCK","1","M3","BAD","17","PT.GUNUNG SLAMAT"
"1722059","TEH CAP POCI MELATI 15/ TPCM 15","1","M3","GOOD","17","PT.GUNUNG SLAMAT"
"1722059_BD","TEH CAP POCI MELATI 15/ TPCM 15","1","M3","BAD","17","PT.GUNUNG SLAMAT"
"1722037","TEH CAP POCI POUCH SEDUH 30GR/TCPP30","0","M3","GOOD","17","PT.GUNUNG SLAMAT"
"1722037_BD","TEH CAP POCI POUCH SEDUH 30GR/TCPP30","1","M3","BAD","17","PT.GUNUNG SLAMAT"
"1722050","TEH CAP POCI PREMIUM 25/TPP25","1","M3","GOOD","17","PT.GUNUNG SLAMAT"
"1722050_BD","TEH CAP POCI PREMIUM 25/TPP25","1","M3","BAD","17","PT.GUNUNG SLAMAT"
"1722060","TEH CAP POCI PREMIUM 4 BR/TPP 4BR 240/CT","1","M3","GOOD","17","PT.GUNUNG SLAMAT"
"1722060_BD","TEH CAP POCI PREMIUM 4 BR/TPP 4BR 240/CT","1","M3","BAD","17","PT.GUNUNG SLAMAT"
"1722041","TEH CAP POCI PREMIUM SACHET 4/TPP4","0","M3","GOOD","17","PT.GUNUNG SLAMAT"
"1722041_BD","TEH CAP POCI PREMIUM SACHET 4/TPP4","1","M3","BAD","17","PT.GUNUNG SLAMAT"
"1722055","TEH CAP POCI PREMIUM SACHET 4B/TPP 4B","0","M3","GOOD","17","PT.GUNUNG SLAMAT"
"1722055_BD","TEH CAP POCI PREMIUM SACHET 4B/TPP 4B","1","M3","BAD","17","PT.GUNUNG SLAMAT"
"1722058","TEH CELUP POCI VANILLA 15/TPCV15","1","M3","GOOD","17","PT.GUNUNG SLAMAT"
"1722058_BD","TEH CELUP POCI VANILLA 15/TPCV15","1","M3","BAD","17","PT.GUNUNG SLAMAT"
"1722051","TEH CELUP SOSRO / TCS 25","1","M3","GOOD","17","PT.GUNUNG SLAMAT"
"1722051_BD","TEH CELUP SOSRO / TCS 25","1","M3","BAD","17","PT.GUNUNG SLAMAT"
"1722039","Teh Celup Sosro 20 TCS20 6PC/PACK","0","M3","GOOD","17","PT.GUNUNG SLAMAT"
"1722039_BD","Teh Celup Sosro 20 TCS20 6PC/PACK","1","M3","BAD","17","PT.GUNUNG SLAMAT"
"1722056","TEH CELUP SOSRO 4/TBB 4B 240/CT","1","M3","GOOD","17","PT.GUNUNG SLAMAT"
"1722056_BD","TEH CELUP SOSRO 4/TBB 4B 240/CT","1","M3","BAD","17","PT.GUNUNG SLAMAT"
"1722063","TEH SOSRO CELUP HERITAGE JASMINE 25/TSCHJ25","1","M3","GOOD","17","PT.GUNUNG SLAMAT"
"1722063_BD","TEH SOSRO CELUP HERITAGE JASMINE 25/TSCHJ25","1","M3","BAD","17","PT.GUNUNG SLAMAT"
"1722065","TEH SOSRO HERITAGE BLACK 25/TSCHB 25","1","M3","GOOD","17","PT.GUNUNG SLAMAT"
"1722065_BD","TEH SOSRO HERITAGE BLACK 25/TSCHB 25","1","M3","BAD","17","PT.GUNUNG SLAMAT"
"1722064","TEH SOSRO HERITAGE GREEN 25/TSCHG 25","1","M3","GOOD","17","PT.GUNUNG SLAMAT"
"1722064_BD","TEH SOSRO HERITAGE GREEN 25/TSCHG 25","1","M3","BAD","17","PT.GUNUNG SLAMAT"
"TBN","TEHBOTOL  CAN 318ML 24PC","0","M3","GOOD","17","PT.GUNUNG SLAMAT"
"TBN20","TEHBOTOL CAN 318ML K20","0","M3","GOOD","17","PT.GUNUNG SLAMAT"
"BJTBK250009","TEHBOTOL KOTAK SOSRO 250ML K24 HOKA HOKA BENTO","1","M3","GOOD","17","PT.GUNUNG SLAMAT"
"BJTBK1L0001","TEHBOTOL SOSRO KOTAK 1L 12PC","1","M3","GOOD","17","PT.GUNUNG SLAMAT"
"BJTBK1L0001_BD","TEHBOTOL SOSRO KOTAK 1L 12PC","1","M3","BAD","17","PT.GUNUNG SLAMAT"
"TBK200","TEHBOTOL SOSRO KOTAK 200ML 24OPC","0","M3","GOOD","17","PT.GUNUNG SLAMAT"
"BJTBK200017","TEHBOTOL SOSRO KOTAK 200ML 24PC PROGRAM","1","M3","GOOD","17","PT.GUNUNG SLAMAT"
"BJTBK200001","TEHBOTOL SOSRO KOTAK 200ML K24","1","M3","GOOD","17","PT.GUNUNG SLAMAT"
"BJTBK200001_BD","TEHBOTOL SOSRO KOTAK 200ML K24","1","M3","BAD","17","PT.GUNUNG SLAMAT"
"BJTBK250001","TEHBOTOL SOSRO KOTAK 250 ML K24","1","M3","GOOD","17","PT.GUNUNG SLAMAT"
"BJTBK250001_BD","TEHBOTOL SOSRO KOTAK 250 ML K24","1","M3","BAD","17","PT.GUNUNG SLAMAT"
"BJTBK250046","TEHBOTOL SOSRO KOTAK 250ML K24 LESS SUGAR","1","M3","GOOD","17","PT.GUNUNG SLAMAT"
"BJTBK250046_BD","TEHBOTOL SOSRO KOTAK 250ML K24 LESS SUGAR","1","M3","BAD","17","PT.GUNUNG SLAMAT"
"BJTBK300001","TEHBOTOL SOSRO KOTAK 300 ML K24","1","M3","GOOD","17","PT.GUNUNG SLAMAT"
"BJTBK300001_BD","TEHBOTOL SOSRO KOTAK 300 ML K24","1","M3","BAD","17","PT.GUNUNG SLAMAT"
"TBK300","TEHBOTOL SOSRO KOTAK 330ML 24PC","0","M3","GOOD","17","PT.GUNUNG SLAMAT"
"TBK330","TEHBOTOL SOSRO KOTAK 330ML 24PC","0","M3","GOOD","17","PT.GUNUNG SLAMAT"
"TBE350","TEHBOTOL SOSRO PET 350ML","0","M3","GOOD","17","PT.GUNUNG SLAMAT"
"TBE450","TEHBOTOL SOSRO PET 450ML REG/LS 24 BT","0","M3","GOOD","17","PT.GUNUNG SLAMAT"
"TBK250","TRHBOTOL SOSRO KOTAK 250ML 24PC","0","M3","GOOD","17","PT.GUNUNG SLAMAT"
"BJTSE300013","TSE ZERO SPARKLING LC 300 ML K12","1","M3","GOOD","17","PT.GUNUNG SLAMAT"
"BJTSE300013_BD","TSE ZERO SPARKLING LC 300 ML K12","1","M3","BAD","17","PT.GUNUNG SLAMAT"
"TFP","TUMBLER FLIP POCI","1","M3","BONUS","17","PT.GUNUNG SLAMAT"
"TFS","TUMBLER FLIP SOSRO","1","M3","BONUS","17","PT.GUNUNG SLAMAT"
"TFB","TUMBLERCFLIP BOTOL","1","M3","BONUS","17","PT.GUNUNG SLAMAT"
"BJFTESB3505_BD","UITTEA PET STRAWBERRY 350ML 12BT","1","M3","BAD","17","PT.GUNUNG SLAMAT"
"SMPS001","ULEG SAMBAL PEDAS SERBAGUNA 190GRX12JAR","0","M3","GOOD","SL","SEKAR LAUT"
"SMPS001_BD","ULEG SAMBAL PEDAS SERBAGUNA 190GRX12JAR","1","M3","BAD","SL","SEKAR LAUT"
"SMUD001","ULEG SAMBAL UDANG 18GRX10SCHX10PAK","0","M3","GOOD","SL","SEKAR LAUT"
