"kode","nama","kode_principal","nama_principal","telepon","active"
"0001","KANTOR","M6","MIX 6","","1"
"0112","LINE 1 MIX 1:SEPTIAN","MFB","Mix Food Budimas","082227870960","1"
"0124","MUH YASIN SPV","MFB","Mix Food Budimas","083865247735","1"
"017","CHASAN SPV ET","ET","ENERGIZER","","1"
"0318","WINDA DWI ANDI","MFB","Mix Food Budimas","087714487128","1"
"0323","ANANG SPV","MFB","Mix Food Budimas","081235915286","1"
"035","LINE 4 MIX 3:TINA","M3","MIX 3","","1"
"0359","NOVY WAHYUNINGSIH","MFB","Mix Food Budimas","","1"
"0360","ANITA GAYATRI","MFB","Mix Food Budimas","","1"
"0365","LINE 1 MIX1 :WIWIN","MFB","Mix Food Budimas","","1"
"0366","LINE 1 MIX1 : ELYN FIRDAUSI","MFB","Mix Food Budimas","","1"
"0369","LINE 5 MIX: NINING T","MFB","Mix Food Budimas","082137987590","1"
"0370","PUTUT CANDRA","MFB","Mix Food Budimas","08989536991","1"
"044","NARNI SPV","M6","PT.KINO INDONESIA","081393431818","1"
"067","LINE 3 MIX 3: SAMUEL","M3","MIX 3","","1"
"069","LINE II MIX 1 :TATIK","MFB","Mix Food Budimas","","1"
"070","SPV MIX","M6","PT.KINO INDONESIA","087741176831","1"
"078","LINE 2 MIX1:JOKO S","MFB","Mix Food Budimas","","1"
"086","INDRA","M6","MIX 6","","1"
"093","WIDIASARI","M6","MIX 6","","1"
"094","SAMUEL AS NFI","60","PT.NUTRIFOOD INDONESIA","","1"
"098","YULIA SPV","MFB","Mix Food Budimas","","1"
"102","SATRIO DARMA","M6","MIX 6","087836272437","1"
"1100","SALES MIX INACO : EKO P","MFB","Mix Food Budimas","","1"
"1109","SALES MIX INACO : JENY","MFB","Mix Food Budimas","082225449166","1"
"150","LINDA OKTAVIA","MFB","Mix Food Budimas","085934471650","1"
"155","SUKIDI PRINC DOLPHIN","MFB","Mix Food Budimas","","1"
"166","DWI WIDANINGSIH","60","PT.NUTRIFOOD INDONESIA","","1"
"167","FEBRI SULASTINI","60","PT.NUTRIFOOD INDONESIA","","1"
"168","INTAN PUJI","60","PT.NUTRIFOOD INDONESIA","","1"
"169","ENDANG PALUPI WURI","60","PT.NUTRIFOOD INDONESIA","","1"
"170","TRIANY SETYANINGSIH","60","PT.NUTRIFOOD INDONESIA","","1"
"1706","DIAN YUDA MOTORIS POCI","M3","MIX 3","","1"
"172","SULASTRI  FREEDRINK","M3","MIX 3","","1"
"173","NURLAILA","60","PT.NUTRIFOOD INDONESIA","","1"
"174","LINE 2 M3 : YUYUN","M3","MIX 3","","1"
"175","LINE 3: MUSTIKA DEWI","MFB","Mix Food Budimas","","1"
"178","MARDI","60","PT.NUTRIFOOD INDONESIA","","1"
"179","RENDI S","60","PT.NUTRIFOOD INDONESIA","","1"
"180","TRIANA","60","PT.NUTRIFOOD INDONESIA","","1"
"181","DENI","60","PT.NUTRIFOOD INDONESIA","","1"
"184","LINE 5 MIX 3: WAHYU TRI RAHAYU","M3","MIX 3","085225713333","1"
"185","LINE 1 60 : HAIDAR OBEIT","60","PT.NUTRIFOOD INDONESIA","085716532337","1"
"188MT","TRIANA WATI","60","PT.NUTRIFOOD INDONESIA","","1"
"189","LINE 1 M3 : BAGUS","M3","MIX 3","","1"
"190","TRI PINA","M3","MIX 3","","1"
"191","NAYIRI","M3","MIX 3","081548358999","1"
"191CIC","NAYIRI","M3","MIX 3","081548358999","1"
"193","WAKHID","60","PT.NUTRIFOOD INDONESIA","","1"
"194CIC","RISKY MOTORIS POCI","M3","MIX 3","","1"
"195","ISWORO AKBAR","60","PT.NUTRIFOOD INDONESIA","","1"
"195CIC","SUMARDI","M3","MIX 3","","1"
"196CIC","DAVID TL POCI","M3","MIX 3","","1"
"197CIC","SOFYAN KANVAS POCI","M3","MIX 3","081393787130","1"
"198","NITA INDRIANA NFI","60","PT.NUTRIFOOD INDONESIA","","1"
"198CIC","ANANG AGUNG","M3","MIX 3","085803766569","1"
"200CIC","TAUFIK MOTORIS","M3","MIX 3","085869965214","1"
"205","TITIK SETYOWATI MD NFI","60","PT.NUTRIFOOD INDONESIA","","1"
"208","ENDAH DWI HASTUTI NFI","60","PT.NUTRIFOOD INDONESIA","","1"
"210","YUDIET MARINA MD NFI","60","PT.NUTRIFOOD INDONESIA","","1"
"214","OMEGA JATI MD NFI","60","PT.NUTRIFOOD INDONESIA","","1"
"215","NANIK HARSIWI","60","PT.NUTRIFOOD INDONESIA","","1"
"216","SULASTRI FREEDRINK","M3","MIX 3","","1"
"217","ARJUNA M PRICP NUTRIFOOD","60","PT.NUTRIFOOD INDONESIA","","1"
"256","YASIN SPV","M3","MIX 3","","1"
"257","RISKA SPV","MFB","Mix Food Budimas","","1"
"340","LINE 1 ET : SEPTIYANI DU","ET","ENERGIZER","","1"
"341","LINE 2 ET : FRANS B","ET","ENERGIZER","087772769473","1"
"342","LINE 3 ET : RAHMAWATI","ET","ENERGIZER","","1"
"343","LINE 4 ET : AGUS RIYADI","ET","ENERGIZER","","1"
"345","INDRA LESMANA PRINC ET","ET","ENERGIZER","","1"
"401","MARDI PRINC NIRAMAS","MFB","Mix Food Budimas","","1"
"7003","YUDHA","M6","MIX 6","085770577178","1"
"E001","WULAN AFRIYANI","MFB","Mix Food Budimas","","1"
"IT01","damar","M3","MIX 3","a","1"
"JF01","SITI BUDI L","63","PT GODREJ INDONESIA","","1"
"JF02","ANISA PRATIWI","63","PT GODREJ INDONESIA","081214848784","1"
"JF03","SAPUTRO","63","PT GODREJ INDONESIA","082225012554","1"
"JF04","TIRTA","63","PT GODREJ INDONESIA","085158099230","1"
"JF05","IKA MILA","63","PT GODREJ INDONESIA","","1"
"JF06","JOKO PURWADI","63","PT GODREJ INDONESIA","081329659099","1"
"JF07","LENA DIAS","63","PT GODREJ INDONESIA","089669240419","1"
"JF08","GIYANTO","63","PT GODREJ INDONESIA","088220067669","1"
"JF09","MENIS","63","PT GODREJ INDONESIA","085640881449","1"
"JF10","SULIS","63","PT GODREJ INDONESIA","","1"
"JF11","ALFIAN M DAMRA","63","PT GODREJ INDONESIA","085155119712","1"
"JF12","AHMAD ROIS","63","PT GODREJ INDONESIA","089630719904","1"
"JF14","BAGUS PRASETYO","63","PT GODREJ INDONESIA","081390022441","1"
"JF15","WASKITO AJI","63","PT GODREJ INDONESIA","081392958990","1"
"JF16","SANTI ARIANI D W","63","PT GODREJ INDONESIA","088225358095","1"
"JF17","ANWAR","63","PT GODREJ INDONESIA","082342473626","1"
"JF18","HERMI SUTARMI","63","PT GODREJ INDONESIA","","1"
"JF19","SRI MASRINA","63","PT GODREJ INDONESIA","","1"
"JF20","TRI WULANDARI","63","PT GODREJ INDONESIA","","1"
"JF23","TOPAN ALIT","63","PT GODREJ INDONESIA","","1"
