"kode_sku","nama","kode_principal","satuan","per_unit","nama_unit","harga_beli","harga_a","harga_b","harga_c","harga_d","harga_e","master_kode","nasional_kode","kode_dms","active"
"AL2A008_BD","E91 AA-12 MAX BP-12 16PK","ET","PK","16","CT","53273","53273","53273","53273","53273","53273","AL2A008","","","1"
"AL2A009_BD","E91 AA-12 MAX BP-12 + PROMO16PK","ET","PK","16","CT","45282","45282","38490","38490","45282","45282","AL2A009","","","1"
"AL2A010_BD","E91 AA-12 MAX MP-12","ET","PK","48","CT","52182","60818.18","60818.18","60818.18","60818.18","60818.18","AL2A010","","","1"
"AL2A011","E91 AA-2 AF 216 PK","ET","PK","216","CT","9360","10909.09","10909.09","10909.09","10909.09","10909.09","AL2A011","","","1"
"AL2A011_BD","E91 AA-2 AF 216 PK","ET","PK","216","CT","9360","10909.09","10909.09","10909.09","10909.09","10909.09","AL2A011","","","1"
"AL2A012","E91 AA BP2 MAX / E301303601","ET","PK","216","CT","14609.19","17027","17027","17027","17027","17027","AL2A012","E300661800","","1"
"AL2A012_BD","E91 AA BP2 MAX / E301303601","ET","PK","216","CT","14609.19","17027","17027","17027","17027","17027","AL2A012","","","1"
"AL2A012R","E91 AA-2 MAX 216 PK REPACK","ET","PK","216","CT","9516.08","11091","11091","11091","11091","11091","AL2A012R","","","1"
"AL2A012R_BD","E91 AA-2 MAX 216 PK REPACK","ET","PK","216","CT","9516.08","11091","11091","11091","11091","11091","AL2A012R","","AL2A012R_BD","1"
"AL2A013_BD","E91 AA-2 MAX MAKRO 216 PK","ET","PK","216","CT","25505.77","29727","29727","29727","29727","29727","AL2A013","","","1"
"AL2A014_BD","E91 AA-2 MAX + PROMO 216 PK","ET","PK","216","CT","7960","9364","7960","7960","9364","9364","AL2A014","","","1"
"AL2A030","S91 BP2DC24CB432","ET","PC","216","CT","5849.84","6818","6818","6818","6818","6818","AL2A030","","","1"
"AL2A030_BD","S91 BP2DC24CB432","ET","PC","216","CT","5849.84","6818","6818","6818","6818","6818","AL2A030","","","1"
"AL3A026","E92 AAA-2 AF 216 PK","ET","PC","216","CT","9438","11000","11000","11000","11000","11000","AL3A026","","","1"
"AL3A026_BD","E92 AAA-2 AF 216 PK","ET","PC","216","CT","9438","11000","11000","11000","11000","11000","AL3A026","","","1"
"AL3A028","E92 AAA BP2 MAX / E301304101","ET","PK","216","CT","14609.19","17027","17027","17027","17027","17027","AL3A028","E301304101","","1"
"AL3A028_BD","E92 AAA-2MAX 216 PK","ET","PK","216","CT","14609.19","17027","17027","17027","17027","17027","AL3A028","","","1"
"AL3A028R","E92 AAA-2MAX 216 PK REPACK","ET","PK","216","CT","9516.08","11091","11091","11091","11091","11091","AL3A028R","","","1"
"AL3A031","E92 AAA BP4 MAX/E301304301","ET","PK","48","CT","27517.84","32072","32072","32072","32072","32072","AL3A031","E3300570600","","1"
"AL3A031_BD","E92 AAA-4MAX 48 PK","ET","PK","48","CT","27517.84","32072","32072","28174","28174","32072","AL3A031","","","1"
"AL3A031R","E92 AAA-4max 48 PK REPACK","ET","PK","48","CT","18018","21000","21000","21000","21000","21000","AL3A031R","","","1"
"AL3A032_BD","E92 AAA-4MAX PLUS 2 48 PK","ET","PK","48","CT","17628","20545.45","20545.45","20545.45","20545.45","20545.45","AL3A032","","","1"
"AL3A034","E92 AAA BP4+2 MAX/E303244900","ET","PK","96","CT","27517.84","32072","32072","32072","32072","32072","AL3A034","E303795400","","1"
"AL3A034_BD","E92 AAA-4MAX PLUS 2 96 PK","ET","PC","96","CT","27517.84","32072","32072","32072","32072","32072","AL3A034","","","1"
"AL3A034R_BD","E92 AAA-4MAX PLUS 2 96 PK REPACK","ET","PK","96","CT","18329.99","21363.63","21363.63","21363.63","21363.63","21363.63","AL3A034R","","AL3A034R_BD","1"
"AL4A015","E91 AA-4 MAX 48PK / E301303801","ET","PK","48","CT","27517.84","32072","32072","32072","32072","32072","AL4A015","E301303801","","1"
"AL4A015_BD","E91 AA-4 MAX 48PK","ET","PK","48","CT","27517.84","32072","32072","32072","32072","32072","AL4A015","","","1"
"AL4A015R_BD","E91 AA-4 MAX 48PK REPACK","ET","PK","48","CT","18018","21000","21000","21000","21000","21000","AL4A015R","","AL4A015R_BD","1"
"AL4A016_BD","E91 AA-4 MAX + PROMO 24PK","ET","PK","24","CT","15684","18455","15684","15684","18455","18455","AL4A016","","","1"
"AL4A017_BD","E91 AA-4 MAX PLUS 48PK","ET","PK","48","CT","17316","20181.82","20181.82","20181.82","20181.82","20181.82","AL4A017","","","1"
"AL4A018","E91 AA BP4+2 MAX / E303244800","ET","PK","96","CT","27517.84","32072","32072","32072","32072","32072","AL4A018","E303244800","","1"
"AL4A018_BD","E91 AA-4 MAX PLUS 2 96PK","ET","PK","96","CT","27517.84","32072","32072","32072","32072","32072","AL4A018","","","1"
"AL4A018R_BD","E91 AA-4 MAX PLUS 2 96PK REPACK","ET","PK","96","CT","17862","20818.18","20818.18","20818.18","20818.18","20818.18","AL4A018R","","AL4A018R_BD","1"
"AL6A018_BD","E91 AA-6 MAX 32PK","ET","PK","32","CT","23646","27819","23646","23646","27819","27819","AL6A018","","","1"
"AL6A019_BD","E91 AA-6 MAX + PROMO 32PK","ET","PK","32","CT","23646","27819","23646","23646","27819","27819","AL6A019","","","1"
"AL6A020","E91 AA BP6 MAX / E301303901","ET","PC","96","CT","33547.03","39099","39099","39099","39099","39099","AL6A020","E301303900","","1"
"AL6A020_BD","E91 AA BP6 MAX / E301303901","ET","PC","96","CT","33547.03","39099","39099","39099","39099","39099","AL6A020","","","1"
"AL6A020R","E91 MAX BP6 R576 DM REPACK","ET","PC","96","CT","21840.39","25455","25455","25455","25455","25455","AL6A020R","","","1"
"AL6A021","E92 AAA BP6 MAX / E301304401","ET","PC","96","CT","33160.54","38649","38649","38649","38649","38649","AL6A021","E301304400","","1"
"AL6A021_BD","E92 MAXBP6 R576 DM","ET","PC","96","CT","33160.54","38649","38649","38649","38649","38649","AL6A021","","","1"
"AL8A020_BD","E91 AA-8 MAX  24PK","ET","PK","24","CT","33769","39728","33769","33769","39728","39728","AL8A020","","","1"
"AL8A021_BD","E91 AA-8 MAX + PROMO 24PK","ET","PK","24","CT","33769","39728","33769","33769","39728","39728","AL8A021","","","1"
"AL8A022_BD","E91 AA 8 AF 48PK","ET","PK","48","CT","33769","39728","33769","33769","39728","39728","AL8A022","","","1"
"AL8A023_BD","E91/E92 AA 8 + RADIO 48PK","ET","PK","48","CT","33769","39728","33769","33769","39728","39728","AL8A023","","","1"
"AL8A024_BD","E91/E92 AA 8 FL 48PK","ET","PK","48","CT","33769","39728","33769","33769","39728","39728","AL8A024","","","1"
"AL91AA2","E91 AA BP2+1 MAX / E301303701","ET","PC","216","CT","16155.14","18829","18829","18829","18829","18829","AL91AA2","E300667400","","1"
"AL91AA2_BD","E91BP2+1 AA MAX","ET","PC","216","CT","16155.14","18829","18829","18829","18829","18829","AL91AA2","","","1"
"AL91AA2R_BD","E91BP2+1 AA MAX REPACK","ET","PC","216","CT","10686.39","12455","12455","12455","12455","12455","AL91AA2R","","AL91AA2R_BD","1"
"AL92AAA","E92 AAA BP2+1 MAX/E301304201","ET","PC","216","CT","16155.14","18829","18829","18829","18829","18829","AL92AAA","E301304201","","1"
"AL92AAA_BD","E92BP2+1 AAA MAX","ET","PC","216","CT","16155.14","18829","18829","17117","17117","18829","AL92AAA","","","1"
"AL92AAAR","E92BP2+1 AAA MAX REPACK","ET","PC","216","CT","10686.39","12455","12455","12455","12455","12455","AL92AAAR","","","1"
"AL92AAAR_BD","E92BP2+1 AAA MAX REPACK","ET","PC","216","CT","10686.39","12455","12455","12455","12455","12455","AL92AAAR","","AL92AAAR_BD","1"
"AL9V003","522 9V/446-0504","ET","PC","144","CT","28058.92","32703","32703","32703","32703","32703","AL9V003","446-0504","","1"
"AL9V003_BD","522 9V-1 144 PC","ET","PC","144","CT","28058.92","32703","32703","25091","25091","32703","AL9V003","","","1"
"ALBP001_BD","E91 BP2 AF SUPER ALK 216 PK","ET","PK","216","CT","6364","6364","6364","6364","6364","6364","ALBP001","","","1"
"ALBP002_BD","E92 BP2 AF SUPER ALK 216PK","ET","PK","216","CT","6364","6364","6364","6364","6364","6364","ALBP002","","","1"
"ALBP004_BD","e2x91 BP2 48PK","ET","PK","48","CT","25350","29545.45","29545.45","29545.45","29545.45","29545.45","ALBP004","","","1"
"ALBP005","e2x91 BP2 48 PK","ET","PK","48","CT","14000.84","16318","16318","16318","15227","16318","ALBP005","","","1"
"ALBP005_BD","e2x91 BP2 48 PK","ET","PK","48","CT","14000.84","16318","16318","16318","15227","16318","ALBP005","","","1"
"ALBP006_BD","e2x92 BP2 48 PK","ET","PK","48","CT","14000.84","16318","16318","16318","15227","16318","ALBP006","","","1"
"ALBP007","e2x92 BP4 48 PK","ET","PK","48","CT","20670.08","24091","24091","24091","24091","24091","ALBP007","","","1"
"ALBP007_BD","e2x92 BP4 48 PK","ET","PK","48","CT","20670.08","24091","24091","24091","24091","24091","ALBP007","","","1"
"ALBP022_BD","E91 AA 8 AF 48PK","ET","PK","48","CT","19546","19446","19546","19546","19446","19446","ALBP022","","","1"
"ALBP034_BD","E92 BP 4 AF 48  PK","ET","PK","48","CT","20478","24091","20478","20478","24091","24091","ALBP034","","","1"
"ALBP035_BD","E92 BP 2 48 PK","ET","PK","48","CT","10973","12910","10973","10973","12910","12910","ALBP035","","","1"
"ALC-036","E93 C BP2 MAX/179-8253","ET","PK","108","CT","51325.41","59820","59820","59820","59820","59820","ALC-036","179-8253","","1"
"ALC-036_BD","E93 C-2 108 PK","ET","PK","108","CT","51325.41","59820","59820","59820","59820","59820","ALC-036","","","1"
"ALCO025_BD","E91/E92 COMBO PACK 24PK","ET","PK","24","CT","15687","18455","15687","15687","18455","18455","ALCO025","","","1"
"ALD-038","E95 D BP2 MAX/180-0326","ET","PK","72","CT","62301.62","72613","72613","72613","72613","72613","ALD-038","180-0326","","1"
"ALD-038_BD","E95 D-2 72PK","ET","PK","72","CT","62301.62","72613","72613","72613","72613","72613","ALD-038","","","1"
"BEVT001","BE-EVAA1 VTMHS 2AA SW","ET","PC","144","CT","17861.84","20818","20818","20818","20818","20818","BEVT001","","","1"
"BEVT001_BD","BE-EVAA1 VTMHS 2AA SW","ET","PC","144","CT","17861.84","20818","20818","20818","20818","20818","BEVT001","","","1"
"BK-005","STARKE PREM DISP TWIN BLADE IN HANG CARD","ET","PC","576","CT","2314.95","4504.5","4504.5","4504.5","4504.5","4504.5","BK-005","","BK-005","1"
"BK-005_BD","STARKE PREM DISP TWIN BLADE IN HANG CARD","ET","PC","576","CT","2314.95","4504.5","4504.5","4504.5","4504.5","4504.5","BK-005","","BK-005_BD","1"
"BK-006","STARKE PREM TWIN BLADE PCH DISP RAZOR (3+2FREE)","ET","PK","320","CT","7409.91","13063.06","13063.06","13063.06","13063.06","13063.06","BK-006","","BK-006","1"
"BK-007","STARKE PREM DISP TWIN BLADE PCH LUBRA (BLACK)","ET","PK","320","CT","5585.58","9954.95","9954.95","9954.95","9954.95","9954.95","BK-007","","BK-007","1"
"BK-007_BD","STARKE PREM DISP TWIN BLADE PCH LUBRA (BLACK)","ET","PK","320","CT","5585.58","9954.95","9954.95","9954.95","9954.95","9954.95","BK-007","","BK-007_BD","1"
"BK-009","STARKE DISP IN HANG CARD CONFIDENCE LADIES","ET","PC","576","CT","2439.93","4504.5","4504.5","4504.5","4504.5","4504.5","BK-009","","BK-009","1"
"BK-010","STARKE TWIN BLADE PCH CONFI LADIES (3+2FREE)","ET","PK","320","CT","7409.91","13063.06","13063.06","13063.06","13063.06","13063.06","BK-010","","BK-010","1"
"BK-010_BD","STARKE TWIN BLADE PCH CONFI LADIES (3+2FREE)","ET","PK","320","CT","7409.91","13063.06","13063.06","13063.06","13063.06","13063.06","BK-010","","BK-010_BD","1"
"BK-011","SLICK STAINLESS STEEL DOUBLE EDGE BLADES","ET","HG","100","CT","21621.62","31531.53","31531.53","31531.53","31531.53","31531.53","BK-011","","BK-011","1"
"BREV001_BD","BR-EV3DI-VA-MHS","ET","PC","48","CT","28079.77","32727","32727","32727","32727","32727","BREV001","","","1"
"BU2A043_BD","1421 BULB 2.3 VOLT (2AA)-DZN","ET","LS","12","CT","18925","28636","24341","24341","28636","28636","BU2A043","","","1"
"BUDC042_BD","1405 BULB 3.6 VOLT BP1","ET","LS","384","CT","3786","5727","4869","4869","5727","5727","BUDC042","","","1"
"CA1212B","1212 BP4 AAA HITAM / E301339201","ET","PC","216","CT","11749.45","13694","13694","13694","13694","13694","CA1212B","E301339201","","1"
"CA1212B_BD","1212 BP4 AAA HITAM / E301339201","ET","PC","216","CT","11749.19","13694","13694","13694","13694","13694","CA1212B","","","1"
"CA1212B_BN","1212 BP4 AAA","ET","PC","216","CT","0","0","0","0","0","0","CA1212B","","CA1212B_BN","1"
"CA1212BR_BD","1212 BP4 AAA REPACK","ET","PC","216","CT","8555.04","9970.91","9970.91","9970.91","9970.91","9970.91","CA1212BR","","CA1212BR_BD","1"
"CA2A046_BD","915 AA PJ SW 7","ET","PK","180","CT","5000","5000","4250","4250","5000","5000","CA2A046","","","1"
"CA2A047_BD","1015 AA-12 MERAH HD","ET","PK","192","CT","14664.07","17091","17091","17091","17091","17091","CA2A047","","","1"
"CA2A049_BD","1015 AA8 MERAH HD 30PK","ET","PK","30","CT","8964","10546","8964","8964","10546","10546","CA2A049","","","1"
"CA2A051_BD","1015 AA-8 MERAH KECIL PLUS 2","ET","PK","30","CT","10545","10545","8964","8964","10545","10545","CA2A051","","","1"
"CA2A052_BD","1015 SW10+2","ET","","48","","12170.45","14318","12170.45","12170.45","14318","14318","CA2A052","","","1"
"CA2A054","1015 AA BP20 MERAH KECIL/ E301359301","ET","PC","24","CT","37025.41","43153","43153","43153","43153","43153","CA2A054","E301359301","","1"
"CA2A054_BD","1015 AA BP20 MERAH KECIL/ E301359301","ET","PC","24","CT","37025.41","43153","43153","43153","43153","43153","CA2A054","","","1"
"CA2A054R","1015 BP 20 REPACK","ET","PC","24","CT","28418.52","33121.82","33121.82","33121.82","33121.82","33121.82","CA2A054R","","","1"
"CA2A059","1215 AA SW12 HITAM KECIL / E301020800","ET","PK","48","CT","29450.27","34324","34324","34324","34324","34324","CA2A059","E301020800","","1"
"CA2A059_BD","1215 AA SW12 HITAM KECIL / E301020800","ET","PK","48","CT","29450.27","34324","34324","34324","34324","34324","CA2A059","","","1"
"CA2A060","1215 AA SW4 HITAM KECIL/E301158100","ET","PK","144","CT","10357.84","12072","12072","12072","12072","12072","CA2A060","E301158100","","1"
"CA2A060_BD","1215 AA SW4 HITAM KECIL/E301158100","ET","PC","108","CT","10357.84","12072","12072","12072","12072","12072","CA2A060","","","1"
"CA2A061_BD","1215 AA-8 HITAM PLUS 2","ET","PC","42","CT","10574","16000","13600","13600","16000","16000","CA2A061","","","1"
"CA2A064_BD","915 AA PJ SW 7 180 PK","ET","PC","180","CT","4680.39","5455","5455","5455","5455","5455","CA2A064","","","1"
"CA2A065","1215 AA BP4 HITAM KECIL / E301345001","ET","PK","216","CT","10744.73","12523","12523","12523","12523","12523","CA2A065","E301345001","","1"
"CA2A065_BD","1215 AA BP4 HITAM KECIL / E301345001","ET","PK","216","CT","10744.32","12523","12523","12523","12523","12523","CA2A065","","","1"
"CA2A065_BN","1215 BP4 NEW","ET","PK","216","CT","0","0","0","0","0","0","CA2A065","","CA2A065_BN","1"
"CA2A066_BD","1215 BP8+4 HITAM","ET","PK","36","CT","11064.7","16818.18","14295.45","14295.45","16818.18","16818.18","CA2A066","","","1"
"CA2A067_BD","1215 BP 6 (4+2) 5 100","ET","PC","48","CT","7566","8818.18","8818.18","8818.18","8818.18","8818.18","CA2A067","","","1"
"CA2A068_BD","1215 AA BP4 7 100 O 864","ET","PC","216","CT","7643.92","8909","8909","8909","8909","8909","CA2A068","","","1"
"CA2A069","915 AA SW4 PERAK KECIL / E300654500","ET","PC","108","CT","6956.76","8108","8108","8108","8108","8108","CA2A069","E300654500","","1"
"CA2A069_BD","915 AA SW4 PERAK KECIL / E300654500","ET","PC","108","CT","6956.76","8108","8108","8108","8108","8108","CA2A069","","","1"
"CA2A070_BD","1215 BP4 PS2","ET","PC","56","CT","7566","8818.18","8818.18","8818.18","8818.18","8818.18","CA2A070","","","1"
"CA2A072","EVR GOLD A91 BP 2 ALK/E301405400","ET","PC","216","CT","8889.19","10360","10360","10360","10360","10360","CA2A072","E300265700","","1"
"CA2A072_BD","A91 AA BP2 EVEREADY GOLD","ET","PC","216","CT","8889.19","10360","10360","10360","10360","10360","CA2A072","","","1"
"CA2A072R_BD","A91 AA BP2 EVEREADY GOLD REPACK","ET","PC","216","CT","8012.16","9338.18","9338.18","9338.18","9338.18","9338.18","CA2A072R","","CA2A072R_BD","1"
"CA2A073","EVR GOLD A92 BP 2 ALK/E301304700","ET","PC","216","CT","8889.19","10360","10360","10360","10360","10360","CA2A073","E300458200","","1"
"CA2A073_BD","A92 AAA BP2 EVEREADY GOLD","ET","PC","216","CT","8889.19","10360","10360","10360","10360","10360","CA2A073","","","1"
"CA2A073R","A92 AAA BP2 EVEREADY GOLD REPACK","ET","PC","216","CT","8012.16","9338.18","9338.18","9338.18","9338.18","9338.18","CA2A073R","","","1"
"CA2A074","EVR GOLD A91 BP 4 ALK/E301405500","ET","PC","48","CT","16541.62","19279","19279","19279","19279","19279","CA2A074","E301304800","","1"
"CA2A074_BD","A92 BP4 EVEREADY GOLD","ET","PC","48","CT","16541.62","19279","19279","19279","19279","19279","CA2A074","","","1"
"CA2A080","EVR GOLD A92 BP 4 ALK/E301304800","ET","PC","48","CT","16541.62","19279","19279","19279","19279","19279","CA2A080","E301405500","","1"
"CA2A080_BD","A91 AA BP4 EVEREADY GOLD","ET","PC","48","CT","16541.62","19279","19279","19279","19279","19279","CA2A080","","","1"
"CA2A080R","A91 AA BP4 EVEREADY GOLD REPACK","ET","PC","48","CT","14898","17363.64","17363.64","17363.64","17363.64","17363.64","CA2A080R","","","1"
"CA3A001_BD","912 AAA SW 4 BIRU","ET","PC","250","CT","4368.08","5091","5091","5091","5091","5091","CA3A001","","","1"
"CA3A011_BD","912 AAA SW 4 BIRU","ET","PC","250","CT","4368.08","5091","5091","5091","5091","5091","CA3A001","","","1"
"CA3A045_BD","1012 AAA SW04","ET","PK","200","CT","5460","6363.64","6363.64","6363.64","6363.64","6363.64","CA3A045","","","1"
"CA3A068_BD","912 AAA-4 BIRU","ET","PK","216","CT","3823.25","4456","4456","4456","4456","4456","CA3A068","","","1"
"CA3A069_BD","912 SW 6 AAA BIRU","ET","PK","160","CT","5023.97","7636.36","6490.91","6490.91","7636.36","7636.36","CA3A069","","","1"
"CA3A077_BD","EVEREADY AAA 1212 500PK","ET","PK","500","CT","3704.84","4318","4318","4318","4318","4318","CA3A077","","","1"
"CA4A001_BD","915 AA 4 PERAK","ET","PC","108","CT","0","0","0","0","0","0","CA4A001","","","1"
"CA9V076","1222 9V SW1 HITAM KOTAK/778-1443","ET","PK","144","CT","11671.89","13604","13604","13604","13604","13604","CA9V076","778-1443","","1"
"CA9V076_BD","EVEREADY 1222-9V PW1 144PK","ET","PK","144","CT","11671.89","13604","13604","13604","13604","13604","CA9V076","","","1"
"CAB001_BD","915 AA 4 PJ","ET","LS","108","CT","9273","10909","9273","9273","10909","10909","CAB001","","","1"
"CABP401","1012 BP4 AAA MERAH/ E301339901","ET","PK","216","CT","8657.3","10090","10090","10090","10090","10090","CABP401","E301339901","","1"
"CABP401_BD","1012 BP4 AAA MERAH/ E301339901","ET","PK","216","CT","8657.3","10090","10090","10090","10090","10090","CABP401","","","1"
"CABP401R","P 1012 BP4 REPACK","ET","PK","216","CT","6259.5","7295.45","7295.45","7295.45","7295.45","7295.45","CABP401R","","","1"
"CABP402","1012 BP20 AAA MERAH/ E301359401","ET","PC","48","CT","36793.51","42883","42883","42883","42883","42883","CABP402","E301359401","","1"
"CABP402_BD","1012 BP20 AAA MERAH/ E301359401","ET","PC","48","CT","36793.51","42883","42883","42883","42883","42883","CABP402","","","1"
"CAC-054_BD","1035 C-2 MERAH SHD","ET","PK","24","CT","2043","3091","2628","2628","3091","3091","CAC-054","","","1"
"CAC-064","1235 C SW2 HITAM SEDANG / 778-2414","ET","PK","72","CT","11903.78","13874","13874","13874","13874","13874","CAC-064","778-2414","","1"
"CAC-064_BD","1235 C SW2 HITAM SEDANG / 778-2414","ET","PK","72","CT","11903.78","13874","13874","13874","13874","13874","CAC-064","","","1"
"CAD-056_BD","1050 D-2 MERAH HD","ET","PK","72","CT","9672.23","11273","11273","11273","11273","11273","CAD-056","","","1"
"CAD-057","11050 SW2 MERAH BESAR/ E301309300","ET","PC","96","CT","14145.41","16486","16486","16486","16486","16486","CAD-057","E301309300","","1"
"CAD-057_BD","11050 SW2 MERAH BESAR/ E301309300","ET","PC","96","CT","14145.41","16486","16486","16486","16486","16486","CAD-057","","","1"
"CAD-066_BD","1250 D-2 HITAM SHD","ET","PK","72","CT","14000.84","16318","16318","16318","16318","16318","CAD-066","","","1"
"CAD-066R","1250 D-2 HITAM SHD REPACK","ET","PK","72","CT","16024.32","18676.36","18676.36","18676.36","18676.36","18676.36","CAD-066R","","","1"
"CAD-067","950 D SW2 PERAK BESAR/E301158300","ET","PC","72","CT","12135.68","14144","14144","14144","14144","14144","CAD-067","E301158300","","1"
"CAD-067_BD","950 D SW2 PERAK BESAR/E301158300","ET","PC","72","CT","12135.68","14144","14144","14144","14144","14144","CAD-067","","","1"
"CAD-068","1250 D SW2 HITAM BESAR/ E301151900","ET","PK","96","CT","20406.49","23784","23784","23784","23784","23784","CAD-068","E301151900","","1"
"CAD-068_BD","1250 D SW2 HITAM BESAR/ E301151900","ET","PK","96","CT","20406.49","23784","23784","23784","23784","23784","CAD-068","","","1"
"CAD-069_BD","S91 MAX BP1X20 480DM","ET","PC","24","CT","58500.16","68182","68182","68182","68182","68182","CAD-069","","","1"
"CAD-075_BD","950 D-2 BIRU PJ","ET","PK","216","CT","2808.23","3273","3273","3273","3273","3273","CAD-075","","","1"
"CAFT067_BD","1715-4 EVEREADY FOTTO","ET","PC","108","CT","5849.84","6818","6818","6818","6818","6818","CAFT067","","","1"
"CAMP052_BD","1015 MERAH KCL MP-20/RCNG","ET","PK","24","CT","17423","26364","22410","22410","26364","26364","CAMP052","","","1"
"CAMP053_BD","1015 MERAH KCL MP-20/RCNG GOLD","ET","PK","240","CT","1893","2863","2435","2435","2863","2863","CAMP053","","","1"
"CAMP058_BD","1050 MERAH BSR MP-8/RCNG GOLD","ET","PK","240","CT","3000","3409","3000","3000","3409","3409","CAMP058","","","1"
"CAMP060_BD","1015 AA SW 04","ET","PC","108","CT","7729.73","9009","9009","9009","9009","9009","CAMP060","","","1"
"CAMP061","1015 AA BP4 MERAH KECIL / E301345301","ET","PK","216","CT","8271.12","9640","9640","9640","9640","9640","CAMP061","E300664900","","1"
"CAMP061_BD","1015 AA BP4 MERAH KECIL / E301345301","ET","PC","216","CT","8271.12","9640","9640","9640","9640","9640","CAMP061","","","1"
"CAMP063","EVR HD 1015 SW 4 085","ET","PC","144","CT","5186.61","6045","6045","6045","6045","6045","CAMP063","","","1"
"CAMP063_BD","EVR HD 1015 SW 4 085","ET","PC","144","CT","5186.61","6045","6045","6045","6045","6045","CAMP063","","CAMP063_BD","1"
"CAMP064","1015 AA SW4 MERAH KECIL/E303245000","ET","PC","144","CT","7729.73","9009","9009","9009","9009","9009","CAMP064","E301152400","","1"
"CAMP064_BD","1015 AA SW4 MERAH KECIL/E303245000","ET","PC","144","CT","7729.73","9009","9009","9009","9009","90009","CAMP064","","CAMP064_BD","1"
"CAPJ070_BD","915 PJ AA-16","ET","PK","54","CT","7650","9000","7650","7650","9000","9000","CAPJ070","","","1"
"CAPJ071_BD","915 PJ AA-8","ET","PK","180","CT","4250","5000","4250","4250","5000","5000","CAPJ071","","","1"
"CAPJ072_BD","915 AA PJ","ET","PK","324","CT","2782","3273","2782","2782","3273","3273","CAPJ072","","","1"
"CH2PC","EN CH2PC4 2X700 AAA BP / E300570201","ET","PC","24","CT","162247.03","189099","189099","189099","189099","189099","CH2PC","678-1877","","1"
"CH2PC_BD","JS-CH2PC-SK-52BC + AAA","ET","PC","24","CT","162247.03","189099","189099","145818","189099","189099","CH2PC","","","1"
"CH2PC2_BD","JS-CH2PC3 + AA 1300 MAH","ET","PC","24","CT","147483.24","171892","171892","171892","171892","171892","CH2PC2","","","1"
"CHCCW2A_BD","CHCCW2 2500 mAh","ET","PC","24","CT","151358.92","176409","176409","176409","176409","176409","CHCCW2A","","","1"
"CHIH078_BD","CH-1-HR","ET","PC","24","CT","186241","281818","239545","239545","281818","281818","CHIH078","","","1"
"CHVC001_BD","CHVCM4","ET","PC","24","CT","127998.16","149182","149182","149182","149182","149182","CHVC001","","","1"
"CHVC002","EN CHVCM4 4X2000AA BP/E301010100","ET","PC","24","CT","237689.19","277027","277027","277027","277027","277027","CHVC002","878-2300","","1"
"CHVC002_BD","EN CHVCM4 4X2000AA BP","ET","PC","24","CT","237689.19","277027","277027","277027","277027","277027","CHVC002","","CHVC002_BD","1"
"CHWB080_BD","CHM4-AA WOB 9V AA-AAA 24PK","ET","PK","24","CT","78818","92727","78818","78818","92727","92727","CHWB080","","","1"
"E302714500","ENR AP 2AAA PENLIGHT 50 PER OS PLMA22","ET","PC","16","CT","112544.86","131171","131171","131171","131171","131171","E302714500","","E302714500","1"
"E302714500_BD","ENR AP 2AAA PENLIGHT 50 PER OS PLMA22","ET","PC","16","CT","112544.86","131171","131171","131171","131171","131171","E302714500","","E302714500_BD","1"
"E303245500","1212 BP12 AAA HITAM/E303245500","ET","PC","80","CT","20483.89","23874","23874","23874","23874","23874","E303245500","E303245500","E303245500","1"
"E303245500_BD","1212 BP12 AAA HITAM/E303245500","ET","PC","80","CT","20483.89","23874","23874","23874","23874","23874","E303245500","E303245500","E303245500_BD","1"
"E303269300","EVR AP VALUE RECH 200HF  OS HD LLP","ET","PC","16","CT","173764.73","202523","202523","202523","202523","202523","E303269300","","E303269300","1"
"E303269300_BD","EVR AP VALUE RECH 200HF  OS HD LLP","ET","PC","16","CT","173764.73","202523","202523","202523","202523","202523","E303269300","","E303269300_BD","1"
"E303673900","EVR AP VALUE RECH 200 HF OS HDLLP/E303269300","ET","PC","16","CT","154594.44","180180","180180","180180","180180","180180","E303673900","","E303673900","1"
"E303673900_BD","EVR AP VALUE RECH 200 HF OS HDLLP/E303269300","ET","PC","16","CT","154594.44","180180","180180","180180","180180","180180","E303673900","","E303673900_BD","1"
"E303674000","ENERGIZER BIKE LIGHT BLPB42","ET","PC","16","CT","154594.44","180180","180180","180180","180180","180180","E303674000","","E303674000","1"
"E303674000_BD","ENERGIZER BIKE LIGHT BLPB42","ET","PC","16","CT","154594.44","180180","180180","180180","180180","180180","E303674000","","E303674000_BD","1"
"E304242600","EVR AP VALUERECHLTNHH 110","ET","PC","16","CT","177783.23","193243.24","193243.24","193243.24","193243.24","193243.24","E304242600","","E304242600","1"
"E304242700","EVR AP VALUERECHHL 120 OS","ET","PC","16","CT","100486.48","115945.94","115945.94","115945.94","115945.94","115945.94","E304242700","E304242700","E304242700","1"
"E304242800","EVR AP MEDVALUERECHHH 150","ET","PC","16","CT","88118.92","100486.48","100486.48","100486.48","100486.48","100486.48","E304242800","","E304242800","1"
"E304242900","EVR AP SMLVALUERECHHH 60","ET","PC","16","CT","77297.22","88891.88","88891.88","88891.88","88891.88","88891.88","E304242900","","E304242900","1"
"ECFK107_BD","DISNEY POOH FL","ET","PK","48","CT","40955","48182","40955","40955","48182","48182","ECFL107","","","1"
"ECFL057_BD","E 250+2D-BP 18 PK","ET","PK","18","CT","31200","36363.64","36363.64","36363.64","36363.64","36363.64","ECFL087","","","1"
"ECFL081_BD","EC 2AA 2FL CIPTA 216PK","ET","PK","216","CT","7110","7364","7110","7110","7364","7364","ECFL081","","","1"
"ECFL082_BD","EC 25D 2FL CIPTA 96PK","ET","PK","96","CT","9428","11091","9428","9428","11091","11091","ECFL082","","","1"
"ECFL084_BD","E 220+4AA DARURAT","ET","PK","48","CT","22229.92","25909","25909","25909","25909","25909","ECFL084","","","1"
"ECFL087_BD","E 250+2D-BP 18 PK","ET","PK","18","CT","31200","36363.64","36363.64","36363.64","36363.64","36363.64","ECFL087","","","1"
"ECFL088_BD","E250+4D-DARURAT 12 PK","ET","PK","12","CT","27216","41182","35005","35005","41182","41182","ECFL088","","","1"
"ECFL089_BD","E 350+3D-BP 12 PK","ET","PK","12","CT","45045","52500","52500","52500","52500","52500","ECFL089","","","1"
"ECFL090_BD","E450+4DBP LATERN 9PK","ET","PK","9","CT","53705","63182","53705","53705","63182","63182","ECFL090","","","1"
"ECFL091_BD","EC 2D+2D BP 18","ET","PC","18","CT","23789.77","27727","27727","27727","27727","27727","ECFL091","","","1"
"ECFL092_BD","EC 2AA+2AA BP 48 PK","ET","PK","48","CT","13137","15455","13137","13137","15455","15455","ECFL092","","","1"
"ECFL093_BD","EC2AA/2D-BP 9 PC","ET","PC","9","CT","32760.16","38182","38182","38182","38182","38182","ECFL093","","","1"
"ECFL094_BD","JAZZ LIGHT EC2AA/2D-BP","ET","PK","9","CT","42900","50000","50000","50000","50000","50000","ECFL094","","","1"
"ECFL095_BD","JAZZ LIGHT 2AA BP 48 PK","ET","PK","48","CT","15717","18318.18","18318.18","18318.18","18318.18","18318.18","ECFL095","","","1"
"ECFL096_BD","JAZZ LIGT 2AA WH 48PK","ET","PK","48","CT","12090","14090.91","14090.91","14090.91","14090.91","14090.91","ECFL096","","","1"
"ECFL097_BD","JAZZ LIGHT 2D BP 48PK","ET","PK","48","CT","27144","31636.36","31636.36","31636.36","31636.36","31636.36","ECFL097","","","1"
"ECFL098","JAZZ LIGHT 2D WH","ET","PC","96","CT","15990","18636.36","18636.36","18636.36","18636.36","18636.36","ECFL098","","","1"
"ECFL098_BD","JAZZ LIGT 2D WH","ET","PK","48","CT","15990","18636.36","18636.36","18636.36","18636.36","18636.36","ECFL098","","","1"
"ECFL100_BD","R221+2AA-BP","ET","PK","48","CT","36705","43182","36705","36705","43182","43182","ECFL100","","","1"
"ECFL101_BD","R252 2D BP","ET","PC","18","CT","41454","62727","53318","53318","62727","62727","ECFL101","","","1"
"ECFL105_BD","A73 LATERN","ET","PK","9","CT","42174","63818","54245","54245","63818","63818","ECFL105","","","1"
"ECFL106_BD","COMPACK LED 4 AA FL","ET","","1","PK","67227","79091","67227","67227","79091","79091","ECFL106","","","1"
"ECFL109_BD","E220FL","ET","PK","240","CT","14586","17000","17000","17000","17000","17000","ECFL109","","","1"
"ECFL110_BD","E250 FL","ET","PK","72","CT","18447","21500","21500","21500","21500","21500","ECFL110","","","1"
"ECFL111_BD","E350 FL","ET","PK","72","CT","27885","32500","32500","32500","32500","32500","ECFL111","","","1"
"ECFL113_BD","EC450 FL","ET","PK","12","CT","59280.08","69091","69091","69091","69091","69091","ECFL113","","","1"
"ECFL114_BD","EC 2D FL 72  PC","ET","PC","72","CT","12750","15000","12750","12750","15000","15000","ECFL114","","","1"
"ECFL115_BD","EC 2AA FL","ET","PK","192","CT","9505","11182","9505","9505","11182","11182","ECFL115","","","1"
"ECFL116_BD","KR120 BP1","ET","PK","400","CT","9119","10728","9119","9119","10728","10728","ECFL116","","","1"
"ECFL117_BD","R221 FL","ET","PK","36","CT","36704","43182","36704","36704","43182","43182","ECFL117","","","1"
"ECFL118_BD","R252 FL","ET","PK","72","CT","51000","60000","51000","51000","60000","60000","ECFL118","","","1"
"ECFL119","TW 420 2 IN 1","ET","PK","36","CT","81900","95454.55","95454.55","95454.55","95454.55","95454.55","ECFL119","","","1"
"ECFL119_BD","TW 420 2 IN 1","ET","PK","36","CT","81900","95454.55","95454.55","95454.55","95454.55","95454.55","ECFL119","","","1"
"ECFL120_BD","TW 450 2 IN 1","ET","PK","16","CT","108927.39","126955","126955","126955","126955","126955","ECFL120","","","1"
"ECFL123_BD","E220+2AA BP","ET","PC","48","CT","19500","22727.27","22727.27","22727.27","22727.27","22727.27","ECFL123","","","1"
"ECFL223_BD","FL-EEL-RCE2AA","ET","PK","24","CT","103170.92","156818.18","133295.45","133295.45","156818.18","156818.18","ECFL223","","","1"
"ECR-016_BD","ECR2016 BP5","ET","PC","80","CT","21137.69","24636","24636","24636","24636","24636","ECR-016","","","1"
"ECR-025_BD","ECR2025","ET","PC","80","CT","21137.68","24636","24636","24636","24636","24636","ECR-025","","","1"
"ECR-032","ECR 2032 BP2/ 178-2836","ET","PC","216","CT","14918.38","17389.39","17387","17387","17387","17389.39","ECR-032","178-2836","","1"
"ECR-032_BD","ECR2032 BS 2","ET","PC","216","CT","14918.38","17387","17387","17387","17387","17387","ECR-032","","","1"
"ECR-206_BD","ECR 2032 - BP1","ET","PC","288","CT","10101.23","11773","11773","11773","11773","11773","ECR-206","","","1"
"ECR025-02","ECR2025T1X5/ 878-1471","ET","PC","216","CT","14918.38","17387","17387","17387","17387","17387","ECR025-02","878-1471","","1"
"ECR025-02_BD","ECR 2025 BP2","ET","PC","216","CT","14918.38","17387","17387","17387","17387","17387","ECR025-02","","","1"
"ECR2016","ECR2016T1X2 / E301414800","ET","PC","216","CT","15227.57","17748","17748","17748","17748","17748","ECR2016","E301414800","","1"
"ECR2016_BD","EN ECR 2016 BP2","ET","PC","216","CT","15227.57","17748","17748","17748","17748","17748","ECR2016","E301414800","","1"
"ECRT032_BD","ECR 2032 TIX5","ET","PC","80","CT","21137.69","24636","24636","24636","24636","24636","ECRT032","","","1"
"EFTL001","FL TAP LIGHT/378-3123","ET","PC","12","CT","35021.84","40818","40818","40818","40818","40818","EFTL001","378-3123","","1"
"EFTL001_BD","EV TL TAP LIGHT NEW","ET","PC","12","CT","35021.84","40818","40818","40818","40818","40818","EFTL001","378-3123","EFTL001_BD","1"
"EKSH001_BD","SHICK EN SEN KIT 1 HG(2x12'S MB","ET","PC","480","CT","2212.94","3363.64","3363.64","3363.64","3363.64","3363.64","EKSH001","","","1"
"ELOL001_BD","EVEREADY LED ONE LIGHT","ET","PC","72","CT","28781.61","33545","33545","33545","33545","33545","ELOL001","","","1"
"EMP091","ENR MAX PLUS EP91 BP2/E301395502","ET","PC","48","CT","18937.84","22072","22072","22072","22072","22072","EMP091","E301395502","","1"
"EMP091_BD","ENR MAX PLUS EP91 BP2","ET","PC","48","CT","18937.84","22072","22072","22072","22072","22072","EMP091","E301395502","EMP091_BD","1"
"EMP092","ENR MAX PLUS EP92 BP2/E301395602","ET","PC","48","CT","17160","20000","20000","20000","20000","20000","EMP092","E301395602","","1"
"EMP092_BD","ENR MAX PLUS EP92 BP","ET","PC","48","CT","17160","20000","20000","20000","20000","20000","EMP092","E301395602","EMP092_BD","1"
"ENPW001","ENR POWER E91 BP 2 ALK PWR/E301511900","ET","PC","216","CT","9275.68","10811","10811","10811","10811","10811","ENPW001","E301511900","","1"
"ENPW001_BD","ENR POWER E91 BP2 ALK PWR 432 B ID","ET","PC","216","CT","9275.68","10811","10811","10811","10811","10811","ENPW001","","","1"
"ENPW002","ENR POWER E92 BP 2 ALK PWR/E301511600","ET","PC","216","CT","9275.68","10811","10811","10811","10811","10811","ENPW002","E301511600","","1"
"ENPW002_BD","ENR POWER E92 BP2 ALK PWR 432 B ID","ET","PC","216","CT","9275.68","10811","10811","10811","10811","10811","ENPW002","","","1"
"ENPW003","ENR POWER E92 BP 4 ALK PWR/E301511700","ET","PC","48","CT","17623.78","20541","20541","20541","20541","20541","ENPW003","E301511700","","1"
"ENPW003_BD","ENR POWER E92 BP4 ALK PWR 192 B ID","ET","PC","48","CT","17623.78","20541","20541","20541","20541","20541","ENPW003","","","1"
"ENPW004","ENR POWER E91 BP 4 ALK PWR/E301511800","ET","PC","48","CT","17391.89","20270","20270","20270","20270","20270","ENPW004","E301511800","","1"
"ENPW004_BD","ENR POWER E91 AA BP 4 ALK PWR 192 B ID","ET","PC","48","CT","17391.89","20270","20270","20270","20270","20270","ENPW004","","","1"
"EVBP001_BD","EV 2AA BP 72/CT","ET","PC","72","CT","16380.08","19091","19091","19091","19091","19091","EVBP001","","","1"
"EVBP002_BD","EV 2D BP 24/CT","ET","PC","24","CT","28860","33636.36","33636.36","33636.36","33636.36","33636.36","EVBP002","","","1"
"EVGD001_BD","EVR GOLD 91 BP 2","ET","PC","216","CT","6942.08","8091","8091","8091","8091","8091","EVGD001","","","1"
"EVGD002_BD","EVR SLV S92 BP 2 ALKAS","ET","PC","216","CT","5849.84","6818","6818","6818","6818","6818","EVGD002","","","1"
"EVHD001_BD","EV HDL2 LED","ET","PC","72","CT","35021.84","40818","40818","40818","40818","40818","EVHD001","","","1"
"EVHD002","EV FL HEADLIGHT 1 LED BP","ET","PC","72","CT","50816.77","59227","59227","59227","59227","59227","EVHD002","","","1"
"EVHD002_BD","EV FL HEADLIGHT 1 LED BP","ET","PC","72","CT","50816.77","59227","59227","59227","59227","59227","EVHD002","","","1"
"EXWM001_BD","SHICK EXTRA II WOMEN 2+1 MB","ET","PC","144","CT","7236.9","11000","11000","11000","11000","11000","EXWM001","","","1"
"FDLT001_BD","FOLDING 452G","ET","PC","16","CT","185795.61","216545","216545","216545","216545","216545","FDLT001","","","1"
"FDLT002","EN FOLDING LANTERN 455","ET","PC","16","CT","210600.39","245455","245455","245455","245455","245455","FDLT002","","","1"
"FL3859_BD","T3859-ER SENTER KALENG","ET","PC","72","CT","37477","44091","37477","37477","44091","44091","FL3859","","","1"
"FLBB2AA","FLBEAM 2AABP","ET","PC","64","CT","45239.77","52727","52727","52727","52727","52727","FLBB2AA","","","1"
"FLBB2AA_BD","FLBEAM 2AABP","ET","PC","64","CT","45239.77","52727","52727","52727","52727","52727","FLBB2AA","","","1"
"FLBB2D1_BD","FLBEAM 2DBP","ET","PC","24","CT","68249.61","79545","79545","79545","79545","79545","FLBB2D1","","","1"
"FLBE001_BD","FL BE-EV2D1 VT MHS SW","ET","PC","96","CT","21840.39","25455","25455","25455","25455","25455","FLBE001","","","1"
"FLBK001","FL BOOKLITE/878-3026","ET","PC","64","CT","83867","97748","97748","97748","97748","97748","FLBK001","578 0604","","1"
"FLBK001_BD","FL BOOKLITE","ET","PC","96","CT","83867","97748","97748","97748","97748","97748","FLBK001","","","1"
"FLCC002","FL EVR AP COMPACT METAL/E300719204","ET","PC","48","CT","34242.7","39910","39910","39910","39910","39910","FLCC002","E300719204","FLCC002","1"
"FLCC002_BD","EVR AP COMPACT METAL HH 12D MLHV32","ET","PC","48","CT","34242.7","39910","39910","39910","39910","39910","FLCC002","","FLCC002_BD","1"
"FLCH002_BD","FL JS CH2PC3SK 12 WD","ET","PC","24","CT","162247.03","189099","189099","189099","189099","189099","FLCH002","","","1"
"FLFC001_BD","FL FC250C FOCUS","ET","PC","48","CT","53117.92","61909","61909","61909","61909","61909","FLFC001","","","1"
"FLGP001","FL GPLN 45","ET","PC","12","CT","70823.61","82545","82545","82545","82545","82545","FLGP001","E300531400","","1"
"FLGP001_BD","FL GPLN 45","ET","PC","12","CT","70823.61","82545","82545","82545","82545","82545","FLGP001","","","1"
"FLHD001","FL HEADLIGHT VISION LED/578-3056","ET","PC","72","CT","131946.49","153784","153784","153784","153784","153784","FLHD001","E300704604","","1"
"FLHD001_BD","FL HEADLIGHT HD VISION 578-3056","ET","PC","72","CT","131946.49","153784","153784","153784","153784","153784","FLHD001","E300704604","FLHD001_BD","1"
"FLHL001_BD","FL HEADLIGHT 4 LED","ET","PC","72","CT","100502.69","117136","117136","117136","117136","117136","FLHL001","","","1"
"FLHL002_BD","FL-HEADLIGHT 6 LED","ET","PC","48","CT","111774.23","130273","130273","130273","130273","130273","FLHL002","","","1"
"FLLC001","FL METAL LIGHT 2AA/E300253001","ET","PC","16","CT","72306","84273","84273","84273","84273","84273","FLLC001","E300253001","","1"
"FLLC001_BD","FL LOW COST MTAL LCM2AA","ET","PC","16","CT","72306","84273","84273","84273","84273","84273","FLLC001","","","1"
"FLML001_BD","FL-METAL LIGHT","ET","PC","36","CT","74099.99","86363.63","86363.63","86363.63","86363.63","86363.63","FLML001","","","1"
"FLRC001_BD","FL EVEREADY RECHARGEABLE LED LIGHT","ET","PC","72","CT","47775.16","55682","55682","55682","55682","55682","FLRC001","","","1"
"FLRC105_BD","FL-GH-RC105-NS","ET","PK","6","CT","332904","388000","388000","388000","388000","388000","FLRC105","","","1"
"FLWP001_BD","FL WP-251 WATER PROFF","ET","PC","24","CT","50700.08","59091","59091","59091","59091","59091","FLWP001","","","1"
"GHNA001_BD","GH AV458G  NAMUB","ET","PC","4","CT","242657.84","282818","282818","282818","282818","282818","GHNA001","","","1"
"HDLD001","ENR UNIVERSALHL 60 HL OS HD33A4/E300479703","ET","PC","72","CT","91751.89","106937","106937","106937","106937","106937","HDLD001","078-0526","","1"
"HDLD001_BD","FL HEADLIGHT 3 LED","ET","PC","72","CT","91751.89","106937","106937","106937","106937","106937","HDLD001","","","1"
"HDLD002_BD","FL HEADLIGHT EVEREDY CLIP ON","ET","PC","96","CT","39780.31","46364","46364","46364","46364","46364","HDLD002","","","1"
"HDLD003","FL UNIVERSAL HEADLIGHT/E301690801","ET","PC","72","CT","73398","85545","85545","85545","85545","85545","HDLD003","E301690801","","1"
"HDLD003_BD","FL UNIVERSAL HEADLIGHT/E301690801","ET","PC","72","CT","73398","85545","85545","85545","85545","85545","HDLD003","","HDLD003_BD","1"
"HTLK002_BD","FL LED3  OPP Key Ring","ET","PC","192","CT","19110","22272.73","22272.73","22272.73","22272.73","22272.73","HTLK002","","","1"
"LCIL001","FL LOW COST LED 2AA SW/178-2073","ET","PC","144","CT","21102.16","24595","24595","24595","24595","24595","LCIL001","178-2073","","1"
"LCIL001_BD","LCIL2AA 144/CT","ET","PC","144","CT","21102.16","24595","24595","24595","24595","24595","LCIL001","","","1"
"LCIL002","FL LOW COST LED 2D SW/978-2074","ET","PC","96","CT","27208.65","31712","31712","31712","31712","31712","LCIL002","978-2074","","1"
"LCIL002_BD","LCIL2D","ET","PC","96","CT","27208.65","31712","31712","31712","31712","31712","LCIL002","","","1"
"LCIL003","FL LOW COST LED 2AA BP/778-2334","ET","PC","72","CT","27363.24","31892","31892","31892","31892","31892","LCIL003","778-2334","","1"
"LCIL003_BD","LCIL 2AA BP VSMBB","ET","PC","72","CT","27363.24","31892","31892","31892","31892","31892","LCIL003","","","1"
"LCIL004","FL LOW COST LED 2D BP/778-2353","ET","PC","24","CT","49083.78","57207","57207","57207","57207","57207","LCIL004","778-2353","","1"
"LCIL004_BD","LCIL2D VSMBB","ET","PC","24","CT","49083.78","57207","57207","57207","57207","57207","LCIL004","","","1"
"LDBL001","LED BIKE LIGHTS BFL3AA","ET","PC","48","CT","140204.92","163409","163409","163409","163409","163409","LDBL001","","","1"
"LDBL001_BD","LED BIKE LIGHTS BFL3AA","ET","PC","48","CT","140204.92","163409","163409","163409","163409","163409","LDBL001","","","1"
"LDBL002_BD","LED BIKE LIGHTS BRL23A","ET","PC","18","CT","79170.23","92273","92273","92273","92273","92273","LDBL002","","","1"
"LEDINEW_BD","LED LONG LIFE","ET","PC","24","PC","43680","50909.09","50909.09","50909.09","50909.09","50909.09","LEDINEW","","","1"
"LTBP121_BD","EL 123 AP-BP1","ET","PK","192","CT","18018","21000","21000","21000","21000","21000","LTBP121","","","1"
"LTBP122_BD","EL 1CR2  BP1","ET","PK","192","CT","21450","25000","25000","25000","25000","25000","LTBP122","","","1"
"LTBP123_BD","EL 223 AP-BP1","ET","PK","192","CT","40326","47000","47000","47000","47000","47000","LTBP123","","","1"
"LTBP124_BD","EL 2CR5 BP1","ET","PK","192","CT","40326","47000","47000","47000","47000","47000","LTBP124","","","1"
"LTBP125","L 91 BP2","ET","PK","24","CT","59596.22","69459","69459","69459","69459","69459","LTBP125","246-0939","","1"
"LTBP125_BD","L 91 BP2","ET","PC","192","CT","59596.22","69459","69459","69459","69459","69459","LTBP125","","","1"
"MTBP126_BD","A23 BP1","ET","PK","480","CT","8986","9000","8986","8986","9000","9000","MTBP126","","","1"
"MTBP128","A23 BP1 / 979-8254","ET","PK","480","CT","11440","13333","13333","13333","13333","13333","MTBP128","979-8254","","1"
"MTBP128_BD","A23 BP1","ET","PK","480","CT","11440","13333","13333","13333","13333","13333","MTBP128","","","1"
"MTBP129_BD","A23 BP5","ET","PK","200","CT","27672.43","32252","32252","32252","32252","32252","MTBP129","","","1"
"MTBP130","A76 BP2 / 546-0396","ET","PK","240","CT","5024.32","5856","5856","5856","5856","5856","MTBP130","546-0396","","1"
"MTBP130_BD","A76 BP2","ET","PK","240","CT","5024.32","5856","5856","5856","5856","5856","MTBP130","","","1"
"MTBP135","A27 BP1/380-5573","ET","PC","480","CT","10898.92","12703","12703","12703","12703","12703","MTBP135","380-5573","","1"
"MTBP135_BD","A27 BP1","ET","PC","480","CT","10898.92","12703","12703","12703","12703","12703","MTBP135","","","1"
"MTEL001","MT PL314M EASY LIGHT","ET","PC","48","CT","38219.61","44545","44545","44545","44545","44545","MTEL001","","","1"
"MTEL001_BD","MT PL314M EASY LIGHT","ET","PC","48","CT","38219.61","44545","44545","44545","44545","44545","MTEL001","","","1"
"MTLP001","EV - LP212 PENLIGHT","ET","PC","144","CT","25740","30000","30000","30000","30000","30000","MTLP001","E302714500","","1"
"MTLP001_BD","EV - LP212 PENLIGHT","ET","PC","144","CT","25740","30000","30000","30000","30000","30000","MTLP001","","","1"
"PKTA001_BD","PAKET ALKALINE 6+1","ET","PC","12","PC","55691.06","64908","64908","64908","64908","64908","PKTA001","","","1"
"PKTC003","PAKET DISPLAY SENTER EV","ET","PC","4","CT","119605.2","139400","139400","139400","139400","139400","PKTC003","","","1"
"PKTC003_BD","PAKET DISPLAY SENTER EV","ET","PC","4","CT","119605.2","139400","139400","139400","139400","139400","PKTC003","","","1"
"PKTC009_BD","EVEREADY MINI CHARGER EV2PC4","ET","PC","24","CT","105300","122727.27","122727.27","122727.27","122727.27","122727.27","PKTC009","","","1"
"PKTE002","PAKET MODULAR SPECIALITY ENERGIZER","ET","PC","2","PC","250068","291454.55","291454.55","291454.55","291454.55","291454.55","PKTE002","","","1"
"PKTE002_BD","PAKET MODULAR SPECIALITY ENERGIZER","ET","PC","2","PC","250068","291454.55","291454.55","291454.55","291454.55","291454.55","PKTE002","","PKTE002_BD","1"
"PKTE003","PAKET MODULAR SPECIALITY ENERGIZER NEW","ET","PC","2","PC","229008","266909.09","266909.09","266909.09","248909.09","266909.09","PKTE003","","","1"
"PKTE003_BD","PAKET MODULAR SPECIALITY ENERGIZER NEW","ET","PC","2","CT","229008","266909.09","266909.09","266909.09","248909.09","266909.09","PKTE003","","PKTE003_BD","1"
"RC110FL_BD","RC110","ET","PC","4","CT","332240.77","387227","387227","387227","387227","387227","RC110FL","","","1"
"RCEX001","EN RECH EXTREME 2300 AA BP2","ET","PC","36","CT","74762.68","87136","87136","87136","87136","87136","RCEX001","","","1"
"RCNH131_BD","NH 12 BP2 AAA","ET","PK","36","CT","62400","72727.27","72727.27","72727.27","72727.27","72727.27","RCNH131","","","1"
"RCNH132_BD","NH 15 BP2 AA","ET","PK","36","CT","62400","72727.27","72727.27","72727.27","72727.27","72727.27","RCNH132","","","1"
"RCNH133","NH 22 9V","ET","PK","36","CT","113100","131818.18","131818.18","131818.18","131818.18","131818.18","RCNH133","","","1"
"RCNH133_BD","NH 22 9V","ET","PK","36","CT","113100","131818.18","131818.18","131818.18","131818.18","131818.18","RCNH133","","","1"
"RCNH134","EN RECH PWR+ 2000 AA BP2/278-2949","ET","PC","36","CT","67635.14","78829","78829","78829","78829","78829","RCNH134","578-0996","","1"
"RCNH134_BD","NH 15 BP 2 AA 2000 mAh","ET","PC","36","CT","67635.14","78829","78829","78829","78829","78829","RCNH134","","","1"
"RCNH135","EN RECH PWR+ 700 AAA BP2/078-2950","ET","PC","36","CT","44600","51982","51982","51982","51982","51982","RCNH135","078-2950","","1"
"RCNH135_BD","NH12RP2 700 CN 72H17280","ET","PC","36","CT","44600","51982","51982","51982","51982","51982","RCNH135","","","1"
"RCNH136_BD","NH15RP2 1300 CN 72H14760","ET","PC","36","CT","36348.31","42364","42364","42364","42364","42364","RCNH136","","","1"
"RCNH137_BD","NH15RP2 1400 JP 72H14760","ET","PC","36","CT","46799.61","54545","54545","54545","54545","54545","RCNH137","","","1"
"RCNH137_BN","NH15RP2 1400 JP 72H14760","ET","PC","36","CT","0","0","0","0","0","0","RCNH137","","","1"
"RCNH138","EN RECH EXTREME 2300 AA/ 478-2948","ET","PC","36","CT","94843.78","110541","110541","110541","110541","110541","RCNH138","478-2948","","1"
"RCNH138_BD","NH15RP2 2300 JP 72","ET","PC","36","CT","94843.78","110541","110541","110541","110541","110541","RCNH138","","","1"
"SHCK001_BD","SHICK LTD 3'S","ET","PK","144","CT","5083.78","7727.27","7727.27","7727.27","7727.27","7727.27","SHCK001","","","1"
"SLED001_BD","FL LIGHT LED 2D T3853L","ET","","120","","25740","30000","30000","30000","30000","30000","SLED001","","","1"
"SLED001R","FL LIGHT LED 2D T3853L REPACK","ET","PC","120","CT","25740","30000","30000","30000","30000","30000","SLED001R","","","1"
"SLED002_BD","FL LIGHT LED 3D T3857L","ET","PC","96","CT","32291.69","37636","37636","37636","37636","37636","SLED002","","","1"
"SMPC001","FL SUMMER PACK/E301702100","ET","PC","24","CT","145860","170000","170000","170000","170000","170000","SMPC001","E301702100","","1"
"SMPC001_BD","FL SUMMER PACK","ET","PC","24","CT","145860","170000","170000","170000","170000","170000","SMPC001","E301702100","SMPC001_BD","1"
"STTA001","ST TAP22 VA MIB","ET","PC","48","CT","35021.84","40818","40818","40818","40818","40818","STTA001","","","1"
"STTA001_BD","ST TAP22 VA MIB","ET","PC","48","CT","35021.84","40818","40818","40818","40818","40818","STTA001","","","1"
"UTBK001_BD","SHICK ULTRA BLUE KIT 1+2'S(MEA)","ET","PK","60","CT","12039.57","18300","18300","18300","18300","18300","UTBK001","","","1"
"UTBK002_BD","SHICK ULTRA PLUS BLUE REFILL 2(PH)","ET","PC","288","CT","6842.16","10400","10400","10400","10400","10400","UTBK002","","","1"
"WRLG001","FL WORK LIGHT/E301732500","ET","PC","2","CT","175890","205000","205000","205000","205000","205000","WRLG001","E301732500","","1"
"WRLG001_BD","WORK LIGHT WITH 4AA","ET","PC","2","CT","175890","205000","205000","205000","205000","205000","WRLG001","E301732500","WRLG001_BD","1"
"XTDP001_BD","XTREME 3 MENS DISPOSABLES","ET","PC","108","CT","5394.78","8200","8200","8200","8200","8200","XTDP001","","","1"
