order_no,sales_code_external,customer_code_external,customer_code_budimas_candidate,principal_code_external,matched_customer_id,matched_customer_name,matched_branch,match_status
SIC0152605-00802,C01507,C01500001,0007GMLSW,2306,,,,missing
SIC0152605-00801,C01507,C01500900,5822SLURT,2306,63313,CV.SAFARI,SLO,matched
SIC0152605-00800,C01507,C01501063,2514SLSRT,2306,57127,WINS,SLO,matched
SIC0152605-00799,C01507,C01500534,0055SLSWS,2306,47363,CV.LESTARI SUKSES MAKMUR,SLO,matched
SIC0152605-00798,C01507,C01500915,0268SLSSW,2306,,,,missing
SIC0152605-00797,C01507,C01502403,0570SLSSW,2306,89576,TOKO ANGGREK,SLO,matched
SIC0152605-00796,C01507,C01500001,0007GMLSW,2306,,,,missing
SIC0152605-00795,C01517,C01501004,3872SKHRT,2313,,,,missing
SIC0152605-00794,C01517,C01501510,5808SLSRT,2313,,,,missing
SIC0152605-00793,C01505,C01500620,1049SLSSW,2304,,,,missing
SIC0152605-00792,C01505,C01500125,2674KTSRT,2304,,,,missing
SIC0152605-00791,C01505,C01501377,4511KTSRT,2304,61847,TOKO PRIMA MENDUNGAN,SLO,matched
SIC0152605-00790,C01505,C01501115,3983SLSRT,2304,,,,missing
SIC0152605-00789,C01505,C01502045,4071KTSRT,2304,66493,TOKO KLITAK KLITIK,SLO,matched
SIC0152605-00788,C01505,C01502861,1452SLURT,2304,53886,PAR 3 CAFE N RESTO,SLO,matched
SIC0152605-00787,C01505,C01502429,5773SLSRT,2304,,,,missing
SIC0152605-00786,C01505,C01501900,2871SLURT,2304,57920,AMINI SNACK,SLO,matched
SIC0152605-00785,C01505,C01501219,2769SLSRT,2304,57708,TOKO RINI,SLO,matched
SIC0152605-00784,C01505,C01500263,2717SLURT,2304,57621,XO SOLO,SLO,matched
SIC0152605-00783,C01514,C01502748,5041SRGRT,0181,89402,AL-NAZHA MART,SLO,matched
SIC0152605-00782,C01514,C01501831,0549SRGRT,0181,50251,NGATINI,SLO,matched
SIC0152605-00781,C01514,C01502254,9851SRGRT,0181,65819,BERKAH PRABU,SLO,matched
SIC0152605-00780,C01514,C01502849,1176SRGSW,0181,52986,PAINO GONDANG,SLO,matched
SIC0152605-00779,C01514,C01500454,2377SRGRT,0181,56813,ALIKHA,SLO,matched
SIC0152605-00778,C01514,C01501781,0737SRGRT,0181,51234,MULYA ASIH,SLO,matched
SIC0152605-00777,C01514,C01502876,5132SRGRT,0181,90524,TOKO PLASTIK IDOLA/IRVAN 2,SLO,matched
SIC0152605-00776,C01514,C01500277,0375SRGRT,0181,,,,missing
SIC0152605-00775,C01514,C01502850,5130SRGRT,0181,90519,BOSSE TOKO,SLO,matched
SIC0152605-00774,C01514,C01501917,3416SRGRT,0181,59367,TOKO INTAN,SLO,matched
SIC0152605-00773,C01514,C01500982,3083SKHRT,0181,,,,missing
SIC0152605-00772,C01514,C01501716,3800SRGRT,0181,60420,DEWIOSA MM,SLO,matched
SIC0152605-00771,C01514,C01501160,3106SRGRT,0181,58516,MUDO BAKERI,SLO,matched
SIC0152605-00770,C01514,C01501348,3028SRGRT,0181,58291,ARIF CELL,SLO,matched
SIC0152605-00769,C01514,C01500117,2556SRGRT,0181,57236,SK MART,SLO,matched
SIC0152605-00768,C01514,C01501325,4614SRGRT,0181,62054,AGUNG WINAHYU,SLO,matched
SIC0152605-00767,C01514,C01501044,3887KRART,0181,60598,PUTRI,SLO,matched
SIC0152605-00766,C01514,C01500017,0821KRART,0181,51615,TK MURAH PS PELANG,SLO,matched
SIC0152605-00765,C01514,C01501204,4983SRGRT,0181,62759,SEMPULUR PUTRA,SLO,matched
