"table","column","total_hits","sample_values"
"dbo.vwKunjunganSales","KodeCustomer","8634","0055SLSWS; 0055SLSWS; 0055SLSWS; 0055SLSWS; 0055SLSWS"
"dbo.vwDPickList","Kode","5872","2514SLSRT; 0055SLSWS; 0055SLSWS; 0055SLSWS; 0055SLSWS"
"dbo.HBayarSM","KodeCustomer","3101","2377SRGRT; 2377SRGRT; 4983SRGRT; 2377SRGRT; 0055SLSWS"
"dbo.Pembayaran","KodeCustomer","3039","0055SLSWS; 0055SLSWS; 0055SLSWS; 0055SLSWS; 0055SLSWS"
"dbo.DReturSM","KodeCustomer","2974","4983SRGRT; 2377SRGRT; 2377SRGRT; 0055SLSWS; 0055SLSWS"
"dbo.vwOutletTerbaru","KodeOutlet","1891","0055SLSWS; 0055SLSWS; 0055SLSWS; 0055SLSWS; 0055SLSWS"
"dbo.vwHistoryLastOrder","KodeCustomer","1461","0821KRART; 0821KRART; 0821KRART; 5130SRGRT; 5130SRGRT"
"dbo.KunjunganFailed","KodeCustomer","1155","0055SLSWS; 4983SRGRT; 3800SRGRT; 0549SRGRT; 0055SLSWS"
"dbo.HReturSM","KodeCustomer","910","0055SLSWS; 0055SLSWS; 3028SRGRT; 2514SLSRT; 0055SLSWS"
"dbo.DReturSMAndroid","KodeCustomer","777","5822SLURT; 2377SRGRT; 2377SRGRT; 2377SRGRT; 0821KRART"
"dbo.CustomerFavorites","KodeCustomer","613","0055SLSWS; 0055SLSWS; 0055SLSWS; 0055SLSWS; 0055SLSWS"
"dbo.AnalisaSupervisor","KodeCustomer","595","2377SRGRT; 2377SRGRT; 2377SRGRT; 2377SRGRT; 2377SRGRT"
"dbo.ZDJualSM","KodeCustomer","340","3800SRGRT; 3800SRGRT; 4511KTSRT; 4511KTSRT; 4511KTSRT"
"dbo.vwDailySales","KodeCustomer","340","3800SRGRT; 3800SRGRT; 4511KTSRT; 4511KTSRT; 4511KTSRT"
"dbo.vwNCO_invoice_header","customerID","311","0055SLSWS; 0055SLSWS; 0055SLSWS; 0055SLSWS; 0055SLSWS"
"dbo.HReturSMAndroid","KodeCustomer","303","5822SLURT; 2377SRGRT; 0821KRART; 4983SRGRT; 4614SRGRT"
"dbo.ZJualDetail","KodeCustomer","272","2377SRGRT; 2377SRGRT; 9851SRGRT; 0821KRART; 2377SRGRT"
"dbo.ReportSPV","KodeCustomer","265","2514SLSRT; 0055SLSWS; 0055SLSWS; 4983SRGRT; 4614SRGRT"
"dbo.vwReportBySPV","KodeCustomer","256","2514SLSRT; 0055SLSWS; 0055SLSWS; 4983SRGRT; 4614SRGRT"
"dbo.RegistrasiCustomer","KodeLama","112","0055SLSWS; 0055SLSWS; 0055SLSWS; 0549SRGRT; 0055SLSWS"
"dbo.ZOmsetCustomerBrutoNetto","Kode","103","2377SRGRT; 2377SRGRT; 2871SLURT; 0055SLSWS; 3800SRGRT"
"dbo.Plafon","KodeCustomer","94","0055SLSWS; 0055SLSWS; 0055SLSWS; 0055SLSWS; 0055SLSWS"
"dbo.DJualKanvas","KodeCustomer","83","4614SRGRT; 9851SRGRT; 3800SRGRT; 3800SRGRT; 4614SRGRT"
"dbo.VwCallPlan","KodeCustomer","81","0055SLSWS; 0055SLSWS; 0055SLSWS; 0055SLSWS; 0055SLSWS"
"dbo.VwCallPlan","QRCode","81","0055SLSWS; 0055SLSWS; 0055SLSWS; 0055SLSWS; 0055SLSWS"
"dbo.VwZOmsetCustomerBrutoNetto","Kode","80","2377SRGRT; 2377SRGRT; 2871SLURT; 0055SLSWS; 3800SRGRT"
"dbo.Plafon_Backup","KodeCustomer","60","0055SLSWS; 0570SLSSW; 1176SRGSW; 2377SRGRT; 2556SRGRT"
"dbo.HJualKanvas","KodeCustomer","59","4614SRGRT; 9851SRGRT; 3800SRGRT; 3800SRGRT; 4614SRGRT"
"dbo.DMutasiInt","Reff","50","0055SLSWS; 0055SLSWS; 4983SRGRT; 4983SRGRT; 0055SLSWS"
"dbo.VwPiutang","KodeCustomer","42","3800SRGRT; 4614SRGRT; 5130SRGRT; 2377SRGRT; 2769SLSRT"
"dbo.vwNCO_salesReturn","customerID","35","0055SLSWS; 0055SLSWS; 0055SLSWS; 2377SRGRT; 0055SLSWS"
"dbo.vwPiutangAndroid","KodeCustomer","34","0570SLSSW; 3800SRGRT; 3800SRGRT; 4614SRGRT; 4614SRGRT"
"dbo.Customer","Kode","27","0055SLSWS; 0549SRGRT; 0570SLSSW; 0737SRGRT; 0821KRART"
"dbo.Customer","QRCode","27","0055SLSWS; 0549SRGRT; 0570SLSSW; 0737SRGRT; 0821KRART"
"dbo.HMutasiInt","Reff","16","0055SLSWS; 0055SLSWS; 0055SLSWS; 0055SLSWS; 4983SRGRT"
"dbo.vwCustomerNFI","ID_CUSTOMER_DIST","16","0055SLSWS; 0570SLSSW; 0821KRART; 1176SRGSW; 2377SRGRT"
"dbo.vwCustomerPriskila","QRCode","11","0055SLSWS; 4071KTSRT; 2769SLSRT; 2377SRGRT; 3800SRGRT"
"dbo.vwCustomerPriskila","Kode","11","0055SLSWS; 4071KTSRT; 3800SRGRT; 2556SRGRT; 2769SLSRT"
"dbo.VwOmsetTigaBulanTerakhir","KodeCustomer","10","0055SLSWS; 0570SLSSW; 2377SRGRT; 2556SRGRT; 3800SRGRT"
"dbo.PlafonM3","KodeCustomer","10","2377SRGRT; 4983SRGRT; 2556SRGRT; 2377SRGRT; 1176SRGSW"
"dbo.ZDReturSM","KodeCustomer","8","2556SRGRT; 2556SRGRT; 2556SRGRT; 2556SRGRT; 2556SRGRT"
"dbo.vwNCO_customer","customerID","7","0055SLSWS; 0570SLSSW; 2377SRGRT; 3800SRGRT; 4511KTSRT"
"dbo.PlafonKino","KodeCustomer","4","0055SLSWS; 4983SRGRT; 2556SRGRT; 2377SRGRT"
"dbo.ZDBayarSM","KodeCustomer","2","2769SLSRT; 2769SLSRT"
"dbo.Sales342","KodeCustomer","1","0055SLSWS"
