"kode","nama","active"
"11","PT.KINO INDONESIA","0"
"11A","KINO PC 2","0"
"15","PT SMART","0"
"17","PT. GUNUNG SLAMAT","0"
"24","PT REMS SURABAYA","0"
"28","PT.CIPTA KARYA UTAMA","0"
"29","PT.UNIVERSAL CIPTA PANGAN","0"
"32","PT.TRESNO JOYO","0"
"37","CV.RODA MAS","0"
"38","CV.KARAGEN INDONESIA","0"
"41","PT. FUMAKILLA NOMOS","0"
"42","X","1"
"43","PT.PUNCAK MASA KEEMASAN INDO","0"
"46","PT.YABETA INDONESIA/NEFERTITI","0"
"47","PT.UNITED WARU BISCUIT MANUFAC","0"
"49","PT.BAHTERA CIPTA RAGA PRIMA","0"
"50","PT.SUKANDA DJAYA","0"
"51","CV.DJAYA RAYA UTAMA","0"
"53","PT.PERINTIS KARYA SENTOSA","0"
"58","PT.ANGGANA CATUR PRIMA","0"
"59","PT.ANEKA INDO MAKMUR","0"
"60","PT.NUTRIFOOD INDONESIA","1"
"60A","NFI GIMMICK","1"
"61","PT.MANDRAVA WANGI","0"
"62","PT.TATA GLOBAL SENTOSA","0"
"63","PT GODREJ INDONESIA","1"
"67","MIX SOSIS FINNA","0"
"68","GBU PLAST","0"
"BK","PT.BRANDS KONNECT INTERN","1"
"BM","UD. BUDIMAS","0"
"DB","DANONE BISCUITS INDONESIA","0"
"DP","DOLPHIN PT","0"
"ET","ENERGIZER","1"
"M1","MIX 1","0"
"M2","MIX 2","0"
"M3","MIX 3","1"
"M4","PT GUNUNG SLAMAT","0"
"M5","MIX 5","0"
"M6","MIX 6","1"
"MFB","Mix Food Budimas","1"
"NU","PT. NIRAMAS UTAMA NIAGA","0"
