"user_id","user_name","password_plain","role_name","user_man","active","user_edit","user_delete","spesial","operator_name"
"ABET","ELISABETH","123654","","N","0","N","N","0",""
"ADI","Adi Putro (gdg)","ADI123321","","N","1","N","N","0",""
"AGUNG","Agung Prakosa","4321","","N","1","N","N","0",""
"AGUNGTULUS","Agung Tulus Hidayat (gdg)","TULUS","","N","1","N","N","0",""
"AGUS","AGUS S","AGUS","","N","1","N","N","0",""
"AGUSTINA","AGUSTINA SETIANINGSIH (pjk)","THIENA","","N","1","N","N","0",""
"AISYAH","PUTRI AISYAH","2296","","N","0","N","N","0",""
"ALFARA","ALFARA DWI KRISTANTO","2222","","N","0","N","N","0",""
"ALRES","ALRESTA PUTRA","123456","","N","0","N","N","0",""
"ALRESTA","ALRESTA","ALRESTA","","N","0","N","N","0",""
"ANANG","Anang Kusuma (Spv MF)","ANANG","","N","1","N","N","0",""
"ANDI","ANDI KURNIAWAN","ANDI","","N","1","Y","N","0",""
"ANGGUNR","ANGGUN RUSADY","110901","","N","1","N","N","0",""
"ANJU","VERA ANJU","299612","","N","0","N","N","0",""
"ARDA","Arda J.","031587","","N","1","N","N","0",""
"ARDI","ARDIANTO","1197","","N","1","N","N","0",""
"ARDIAN","ARDIAN","ARDIAN","","N","1","N","N","0",""
"ARFIAN","WAHYU ARFIANTO 63","WAHYU","","N","1","N","N","0",""
"ARI","ARI","041010","","N","0","N","N","0",""
"AZIS","Azis A Nugroho (Adm Gdg)","101295","","N","0","N","N","0",""
"BAMBANG","BAMBANG","BBGBBGBBG","","N","1","N","N","0",""
"BAYU","BAYU","1234","","N","1","N","N","0",""
"BOENTIK","Budi Trimuljanto","1960","","N","1","N","N","0",""
"BUDI","BUDI TRIMULJANTO","BUDI1960","","N","1","N","N","0",""
"CADANGAN","USER CADANGAN","JANUARI","","N","1","N","N","0",""
"CALVIN","CALVIN (klaim)","MONOKUROBO","","N","1","N","N","0",""
"CATUR","CATUR (fkt)","KAISAR","","N","1","N","N","0",""
"CHRISTIANA","CHRISTIANA DEWI (pjk)","CHRISTIANA","","N","1","N","N","0",""
"CLARA","CLARA ANGEL","ANGEL","","N","0","N","N","0",""
"DANANG","DANANG","NI1KN","","N","0","N","N","0",""
"DEACY","DEACY (klm)","DEACY","","N","1","N","N","0",""
"DENNY","DENNY RAHMAN","1201304","","N","0","N","N","0",""
"DESTARIA","DESTARIA BELLA ANUGRAH","DINOKU","","N","1","N","N","0",""
"DEVI","DEVI","8989","","N","0","N","N","0",""
"DEWI","DEWI","DEWI","","N","0","N","N","0",""
"DIAN","DIAN ANGGORO YUASTI","192021","","N","0","N","N","0",""
"DIANAY","DIAN A Y","BAHAGIA10","","N","1","Y","N","0",""
"DITA","HERDITA","271199","","N","0","N","N","0",""
"DONA","DONA","020202","","N","1","Y","N","0",""
"DYAH","Dyah Ayu (akt)","11111","","N","1","N","N","0",""
"EKHI","EKHI IDAYAN PUTRA","EKHI","","N","0","N","N","0",""
"ELSA","ELSA","0895","","N","0","N","N","0",""
"ELY","ELY SUGIARTI","2208","","N","1","N","N","0",""
"ERIKA","ERIKA","1415ME","","N","0","N","N","0",""
"ERMA","ERMA","ERMA","","N","1","N","N","0",""
"EVIN","EVIN YULIASASTI (Admin BS)","EVIN","","N","1","N","N","0",""
"FARS","FARS BUDI MARGONO","FARS17","","N","1","N","N","0",""
"GIOVANI","GIOVANI","GULMAR","","N","1","N","N","0",""
"HANIFA","HANIFA (KLAIM)","HANIFA","","N","0","N","N","0",""
"HARRY","HARRY","123123","","N","0","N","N","0",""
"HAYU","HAYU","1456","sa","Y","1","N","N","X",""
"HENDRO","HENDRO","4242","","N","0","N","N","0",""
"HENI","HENI","281281","","N","0","N","N","0",""
"IBNU","IBNU MS","IBNU","","N","1","N","N","0",""
"IKA","IKA","5050","","N","1","N","N","0",""
"IKAMURTI","RATIH IKAMURTI","111207","","N","1","Y","N","0",""
"IKASM","IKA SRI MARGIYANTI","12345","","N","0","N","N","0",""
"INDAH","Indah Permata Sari","220200","","N","0","N","N","0",""
"INDRA","INDRA PRATAMA PUTRA","SIBELA","","N","0","N","N","0",""
"INDRI","INDRI","INDRI","","N","0","N","N","0",""
"INDRIATI","Mila Indriati (Admin BS)","250250","","N","1","N","N","0",""
"ISNA","ISNA","231212","","N","0","N","N","0",""
"ISNAENI","ISNAENI KHASANAH","ISNAENI","","N","0","N","N","0",""
"ISNANI","ISNANI PUTRI","ISNANI","","N","0","N","N","0",""
"IT","IT Support","145145","operator","Y","1","N","N","0",""
"JODI","Jodi Budianto (gdg)","JODI22","","N","1","N","N","0",""
"JOKO","JOKO PURWADI (SP)","JOKO","","N","1","N","N","0",""
"JOVI","JOVI","121314","","N","0","N","N","0",""
"JULIANA","JULIANA","PEEKABOO","","N","1","N","N","0",""
"KHARISMA","KHARISMA","KHARISMA","","N","0","N","N","0",""
"KIKI","KIKI PRATAMA","KIKI2","","N","0","N","N","0",""
"KURNIAWATI","KURNIAWATI (GDG)","PERMADI","","N","0","N","N","0",""
"LILI","LILI DUSTILIYOWATI","FAITH","","N","1","N","N","0",""
"MAHFUDZ","Mahfudz","MAHFUDZ","","N","1","N","N","0",""
"MARIA","MARIA (gudang)","150717","","N","1","N","N","0",""
"MARIADHEVI","Maria Dhevi Arintika (Gdg)","JONATHAN","","N","0","N","N","0",""
"MARSANTO","Tri Marsanto (Spv MF)","MARSANTO","","N","0","N","N","0",""
"MARTINI","MARTINI (GDG)","2406","","N","1","N","N","0",""
"MARYANTO","Maryanto (fkt)","4444","","N","1","N","N","0",""
"MAYANG","MAYANG","119743","","N","1","N","N","0",""
"MEI","MEI YULIANTO","JEMPOL33","","N","0","N","N","0",""
"MILLA","AGAMILLA","ALIFA","","N","1","N","N","0",""
"MITA","MITA","MITOL","","N","0","N","N","0",""
"MONICA","MONICA","PRATIWI","","N","0","N","N","0",""
"MULYONO","MULYONO","MELON","","N","1","N","N","0",""
"NANANG","NANANG","NANANG","","N","1","N","N","0",""
"NENE","NENE","D05042019","","N","1","Y","N","0",""
"NING","NING","WAHYU","","N","0","N","N","0",""
"NINGRUM","YULI SETYANINGRUM","NINGRUM1","","N","1","N","N","0",""
"NOVI","NOVI SETYOWATI","1007","","N","1","N","N","0",""
"NOVIA","NOVIA","231194","","N","0","N","N","0",""
"NOVITA","Novita Sukma Dewi","1511","","N","1","N","N","0",""
"NOVRI","NOVRI CAHYADI","NOVRI21","","N","0","N","N","0",""
"NUR","Moh. Nur Chasan (Spv ETI)","MN7778","","N","1","N","N","0",""
"OEOED","Muhammad Istakanudin (Akt)","ISTAKANA","","N","1","N","N","0",""
"OKY","OKY RIZKYANTI","SIBETI","","N","0","N","N","0",""
"OKY RIZKY","OKY RIZKYANTI","OKY RIZKY","","N","0","N","N","0",""
"PUTRI","PUTRI","3011","","N","0","Y","N","0",""
"PUTRI A","PUTRI AISYAH","PUTRI A","","N","0","N","N","0",""
"PUTUT","PUTUT","11111","","N","0","N","N","0",""
"RAHAYU","RAHAYU NINGSIH","AYU1","","N","0","N","N","0",""
"RAHMA","RAHMA","9195","","N","0","N","N","0",""
"RASYID","RASYID","SPVRLY","","N","0","N","N","0",""
"RATNA","RATNA","CANTIKA","","N","1","N","N","0",""
"RATNAW","RATNA WULANSARI","JAUZAN17","","N","1","N","N","0",""
"RENI","MUHARENI PRI HUTAMI","2503","","N","1","N","N","0",""
"RENISW","Reni SW(fkt)","123456","","N","1","N","N","0",""
"RIA","RIA DWI K","121411","","N","1","N","N","0",""
"RIDWAN","RIDWAN HANAFI (GDG)","RIDWAN935","","N","1","N","N","0",""
"RIKA","RIKA DJ","3195","","N","0","N","N","0",""
"RINI","RINI","2001","","N","0","N","N","0",""
"RIO","Adm Gdg Wonogiri","RIO","","N","1","N","N","0",""
"RISKA","RISKAWATI","RISKA","","N","0","N","N","0",""
"RISKASPV","RISKA DINA APRIANTO","FINO","","N","1","N","N","0",""
"RISKASPV","RISKA DINA APRIANTO","FINO","","N","1","N","N","0",""
"RISMA","KHARISMA PUTRI","RISMA","","N","0","N","N","0",""
"ROHMADI","ROHMADI","PAKROH","","N","1","Y","N","0",""
"RONNI","RONNI BUDIYANTO","1886","","Y","1","Y","N","0",""
"RUSNANDA","RUSNANDA SRIWIDIYANTI","RUSNANDA","","N","1","N","N","0",""
"RUTI","KURNIA RUTI YH","1991","","N","0","Y","N","0",""
"SADWANTO","SADWANTO NUGROHO","SADWANTO","","N","0","N","N","0",""
"SANDRA","SANDRA MEGA BUDIYANTO","PEEKABOO","","Y","1","Y","N","0",""
"SANTI","Santi Anggraeni","SANTIAGO","","N","1","N","N","0",""
"SARI","ROOSIANI MISPASARI","ROSI","","N","1","N","N","0",""
"SELVY","SELVY","2325","","N","0","N","N","0",""
"SIGIT","SIGIT SANTOSO","5161T","","N","1","N","N","0",""
"SISKA","SISKA","515KA","","N","1","N","N","0",""
"SONIA","SONIA GUMILANG","855885","","N","1","Y","N","0",""
"SPVS","SUPERVISOR","3010","","N","1","N","N","0",""
"SRIWI","Sri Winingsih (BS)","NINGSIH","","N","1","N","N","0",""
"SUGIARTO","SUGIARTO","SUGIARTO","","N","0","N","N","0",""
"SUNARNI","SUNARNI","SUNARNI","","N","1","N","N","0",""
"SUWARNI","Retna Suwarni (Klaim)","R3TN4","","N","1","N","N","0",""
"TARNO","SUTARNO","TARNO","","N","1","N","N","0",""
"TAUFIK","TAUFIK","TAUFIK321","","N","1","Y","N","0",""
"TEST","TEST","1456","","N","1","N","N","0",""
"TIARA","TIARA","TIARA1","","N","1","N","N","0",""
"TIARAPA","Tiara P Andriani","TIARA1","","N","1","N","N","0",""
"TIKA","TIKA APRILIANI","1804","","N","0","N","N","0",""
"TINA","TINA","241014","","N","1","N","N","0",""
"TOFIK","TOFIK HERMAWAN","TOFIK","","N","0","N","N","0",""
"TOPAN","TOPAN ALIT","TOPAN","","N","1","N","N","0",""
"UPIK","UPIK","UPIK123","","N","1","N","N","0",""
"UTOMO","UTOMO","1124","","N","0","N","N","0",""
"VALEN","Valentinus Lintang (Ftr)","VALEN25","","N","0","N","N","0",""
"VANI","VANI","1415","","N","1","N","N","0",""
"VERA","ELVERA NURIN P","ORAKANDANI","","N","1","N","N","0",""
"VINNA","Vinna Oktaviyanti.","VINNA12345","","N","1","N","N","0",""
"WAHYU","WAHYU W","KASIH","","N","0","N","N","0",""
"WATIK","WATIK","1234","","N","1","N","N","0",""
"WENI","WENIATI","ARDIGAS","","N","1","Y","N","X",""
"WENING","WENING","280595","","N","0","N","N","0",""
"WIDYA","WIDYA","123456","","N","1","N","N","0",""
"WIDYAN","Widyan Sari (GDG)","260298","","N","0","N","N","0",""
"WINDA","WINDA DWI ANDI","BISMILLAH","","N","1","N","N","0",""
"WIRANTO","WIRANTO","WIRANTO1","","N","1","N","N","0",""
"WIWIK","WIWIK TRI","ABET","","N","1","N","N","0",""
"YANI","YANI","130793","","N","0","N","N","0",""
"YANTI","IKA SRI MARGIYANTI","YANTI","","N","0","N","N","0",""
"YASIN","Muh. Yasin (Spvs)","YASIN","","N","1","N","N","0",""
"YAYUK","YAYUK","YAYUK1","","N","1","N","N","0",""
"YOHANA","YOHANA YUNIAR","031823","","N","0","N","N","0",""
"YONA","Yonanda Putri (fkt)","120403","","N","1","Y","N","0",""
"YULI","YULI K","RAGIEL","","N","1","N","N","0",""
"YULIA","YULIA (Adm Dlvr)","113061","","N","0","N","N","0",""
"YULYA","Yulya Ekawati (Gdg Dlvr)","54321","","N","0","N","N","0",""
