kode,nama,kode_principal,active
0001,KANTOR,M6,1
001,WATIK  COLECTOR,,0
002,BAYU TAMA,,1
007,SUTARNO,KN,1
0112,LINE 1 MIX 1:SEPTIAN,MFB,1
0124,MUH YASIN SPV,MFB,1
0147,SARAH MARVINDA  TL SAMBAL ULG,MFB,0
017,CHASAN SPV ET,ET,1
020,YULIANTO,22,0
029,SETYO SUJATMANTO,,0
031,SITI MARKHOMAH,22,0
0318,WINDA DWI ANDI,MFB,1
0323,ANANG SPV,MFB,1
035,LINE 4 MIX 3:TINA,M3,1
0359,NOVY WAHYUNINGSIH,MFB,1
035N,TINA,,0
0360,ANITA GAYATRI,MFB,1
0365,LINE 1 MIX1 :WIWIN,MFB,1
0366,LINE 1 MIX1 : ELYN FIRDAUSI,MFB,1
0369,LINE 5 MIX: NINING T,MFB,1
0370,PUTUT CANDRA,MFB,1
0391,RACHMAN,DP,0
041,SUSILO,,0
043,LINE 2 SHICK: NONO S,49,0
044,NARNI SPV,M6,1
047,DARYANTO,12,0
048,LINE 1 55 : ARIFIN,M2,0
0482,INDRA KURNIAWAN,NU,0
049,JOKO SIANTAR MAJU,36,0
058,AGUNG DEPO KLT,,0
061,HENDRO COLEKTOR,,0
065,PRILLA,,0
067,LINE 3 MIX 3: SAMUEL,M3,1
067N,SAMUEL,M3,0
069,LINE II MIX 1 :TATIK,MFB,1
070,SPV MIX,M6,1
072,HARYANTO,19,0
078,LINE 2 MIX1:JOKO S,MFB,1
082,BAMBANG BUDIONO,20,0
083,KINO GT:DARMA SATRIO N,,0
086,INDRA,M6,1
091,MAWARTI WIGATI,DP,0
093,WIDIASARI,M6,1
094,SAMUEL AS NFI,60,1
097,NUGROHO SPV BLIBIS,58,0
098,YULIA SPV,MFB,1
099,LINE 1 MIX 3 : MEI GT,M3,0
100,YAYUK SPV,,1
102,SATRIO DARMA,M6,1
1020,SUNARWAN,60,0
109,HERI K SNI,35,0
1100,SALES MIX INACO : EKO P,MFB,1
1109,SALES MIX INACO : JENY,MFB,1
111,FARS BUDI SPV,,1
119,KKINO PC2 SASHA:AGUS .S,60,0
1202,UDIN BLUE GAS,12,0
1204,WISMAN BLUE GAS,12,0
1205,TRI RIYADI BLUE GAS,12,0
128,RISKI BVERIANDO BM KINO,,0
133,LINE 01 MIX2 :SUGIYARTI,M2,0
135,CASTOMO PRINC KINO,,0
147,AGUS MURANTO SPV MIX,MFB,0
150,LINDA OKTAVIA,MFB,1
151,AGUNG SPV MIX,MFB,0
154,OSKAR PRINCP DOLPHIN,MFB,0
155,SUKIDI PRINC DOLPHIN,MFB,1
157,JOKO SETYA BUDI,24,0
158,JOKO SURATNO,32,0
164,NOVIA TRI KISNANDARI,60,0
165,RIZKY ARIF SADEWA,60,0
166,DWI WIDANINGSIH,60,1
167,FEBRI SULASTINI,60,1
168,INTAN PUJI,60,1
169,ENDANG PALUPI WURI,60,1
170,TRIANY SETYANINGSIH,60,1
1702,TONI POCI,,0
1705,IWAN PRINC POCI,M3,0
1706,DIAN YUDA MOTORIS POCI,M3,1
171,SOFYAN ANDRIES,M3,0
172,SULASTRI  FREEDRINK,M3,1
173,NURLAILA,60,1
174,LINE 2 M3 : YUYUN,M3,1
174N,LINE 2 M3 : TUTIK SETYANI,M3,0
175,LINE 3: MUSTIKA DEWI,MFB,1
176,LINE II:ENY SISWANTI,NU,1
178,MARDI,60,1
179,RENDI S,60,1
180,TRIANA,60,1
181,DENI,60,1
183,AJENG WINDA PRAMESTI,60,0
184,LINE 5 MIX 3: WAHYU TRI RAHAYU,M3,1
184N,PANCE,M3,0
185,LINE 1 60 : HAIDAR OBEIT,60,1
188,SUGIYARTI,60,0
188MT,TRIANA WATI,60,1
189,LINE 1 M3 : BAGUS,M3,1
189N,BAGUS,M3,0
190,TRI PINA,M3,1
190N,TRI PINA,,0
191,NAYIRI,M3,1
191CIC,NAYIRI,M3,1
192,YUNITA TRI MAHARINI,,0
193,WAKHID,60,1
194CIC,RISKY MOTORIS POCI,M3,1
195,ISWORO AKBAR,60,1
195CIC,SUMARDI,M3,1
196,EKA VERAWATI,60,0
196CIC,DAVID TL POCI,M3,1
197,AGUNG P NFI,60,0
197CIC,SOFYAN KANVAS POCI,M3,1
198,NITA INDRIANA NFI,60,1
198CIC,ANANG AGUNG,M3,1
199,MARSIH,60,0
199CIC,YULIA MOTORIS POCI,,0
200,YULI ASIH WULANDARI,60,0
200CIC,TAUFIK MOTORIS,M3,1
201,SHINTA PRASETYANINGRUM,60,0
202,BAGUS,32,0
204,DHEVY NOVITA SARI,60,0
205,TITIK SETYOWATI MD NFI,60,1
206,EKO LISTANTO MD NFI,60,0
207,SHINTA CAMELIA MD NFI,60,0
208,ENDAH DWI HASTUTI NFI,60,1
209,KANIA ASA NFI,60,0
210,YUDIET MARINA MD NFI,60,1
211,RISTIYANINGSIH MD NFI,60,0
212,EDI S NFI,60,0
213,KARTIKA CHANDRA K,60,0
214,OMEGA JATI MD NFI,60,1
215,NANIK HARSIWI,60,1
216,SULASTRI FREEDRINK,M3,1
217,ARJUNA M PRICP NUTRIFOOD,60,1
222,DEWI ERNAWATI,M2,0
230,INDRA SPV MIX,,0
244,LINE 3 MIX: FERI NIASARI,M2,0
246,LINE 1 SHICK: GIARTO,49,0
256,YASIN SPV,M3,1
257,RISKA SPV,MFB,1
340,LINE 1 ET : SEPTIYANI DU,ET,1
341,LINE 2 ET : FRANS B,ET,1
342,LINE 3 ET : RAHMAWATI,ET,1
343,LINE 4 ET : AGUS RIYADI,ET,1
345,INDRA LESMANA PRINC ET,ET,1
401,MARDI PRINC NIRAMAS,MFB,1
411,LINE 01 41 : SURYA,41,0
412,LINE 02 41 : ANDRI,41,0
530,LINE 1 BEER: PRAMONO,53,0
564,LINE 4 M2 : C ANDY,M2,0
601,LINE 01 60 : SURYA,60,0
602,LINE 02 60 : ANDRI,60,0
621,HARNO SPV POKANA,62,0
6802,YOSUA KARISMAWAN,68,0
7001,VACANT,,0
7003,YUDHA,M6,1
7004,VACANT,,0
DEPO03,DEPO SALATIGA,,1
E001,WULAN AFRIYANI,MFB,1
HRM,HERMI,63,0
IT001,DAMAR WU,M3,0
IT01,damar,M3,1
JF01,SITI BUDI L,63,1
JF02,ANISA PRATIWI,63,1
JF03,SAPUTRO,63,1
JF04,TIRTA,63,1
JF05,IKA MILA,63,1
JF06,JOKO PURWADI,63,1
JF07,LENA DIAS,63,1
JF08,GIYANTO,63,1
JF09,MENIS,63,1
JF10,SULIS,63,1
JF11,ALFIAN M DAMRA,63,1
JF12,AHMAD ROIS,63,1
JF13,ARINI,63,0
JF14,BAGUS PRASETYO,63,1
JF15,WASKITO AJI,63,1
JF16,SANTI ARIANI D W,63,1
JF17,ANWAR,63,1
JF18,HERMI SUTARMI,63,1
JF19,SRI MASRINA,63,1
JF20,TRI WULANDARI,63,1
JF21,NASIS BUDIYANTO,63,0
JF22,SADWANTO SPV GODREJ,,0
JF23,TOPAN ALIT,63,1
JF24,HARSONO PRINC GODREJ,63,0
SMR,RINA,63,0
WID,NDARI,63,0
