kode_external_customer,kode_customer_budimas,nama_customer_budimas,sample_no_order,sample_sales_code,catatan
C01500001,,,SIC0152605-00802,0007GMLSW,Isi kode_customer_budimas dari master customer Budimas
C01500017,,,SIC0152605-00766,0821KRART,Isi kode_customer_budimas dari master customer Budimas
C01500117,,,SIC0152605-00769,2556SRGRT,Isi kode_customer_budimas dari master customer Budimas
C01500125,,,SIC0152605-00792,2674KTSRT,Isi kode_customer_budimas dari master customer Budimas
C01500263,,,SIC0152605-00784,2717SLURT,Isi kode_customer_budimas dari master customer Budimas
C01500277,,,SIC0152605-00776,0375SRGRT,Isi kode_customer_budimas dari master customer Budimas
C01500454,,,SIC0152605-00779,2377SRGRT,Isi kode_customer_budimas dari master customer Budimas
C01500534,,,SIC0152605-00799,0055SLSWS,Isi kode_customer_budimas dari master customer Budimas
C01500620,,,SIC0152605-00793,1049SLSSW,Isi kode_customer_budimas dari master customer Budimas
C01500900,,,SIC0152605-00801,5822SLURT,Isi kode_customer_budimas dari master customer Budimas
C01500915,,,SIC0152605-00798,0268SLSSW,Isi kode_customer_budimas dari master customer Budimas
C01500982,,,SIC0152605-00773,3083SKHRT,Isi kode_customer_budimas dari master customer Budimas
C01501004,,,SIC0152605-00795,3872SKHRT,Isi kode_customer_budimas dari master customer Budimas
C01501044,,,SIC0152605-00767,3887KRART,Isi kode_customer_budimas dari master customer Budimas
C01501063,,,SIC0152605-00800,2514SLSRT,Isi kode_customer_budimas dari master customer Budimas
C01501115,,,SIC0152605-00790,3983SLSRT,Isi kode_customer_budimas dari master customer Budimas
C01501160,,,SIC0152605-00771,3106SRGRT,Isi kode_customer_budimas dari master customer Budimas
C01501204,,,SIC0152605-00765,4983SRGRT,Isi kode_customer_budimas dari master customer Budimas
C01501219,,,SIC0152605-00785,2769SLSRT,Isi kode_customer_budimas dari master customer Budimas
C01501325,,,SIC0152605-00768,4614SRGRT,Isi kode_customer_budimas dari master customer Budimas
C01501348,,,SIC0152605-00770,3028SRGRT,Isi kode_customer_budimas dari master customer Budimas
C01501377,,,SIC0152605-00791,4511KTSRT,Isi kode_customer_budimas dari master customer Budimas
C01501510,,,SIC0152605-00794,5808SLSRT,Isi kode_customer_budimas dari master customer Budimas
C01501716,,,SIC0152605-00772,3800SRGRT,Isi kode_customer_budimas dari master customer Budimas
C01501781,,,SIC0152605-00778,0737SRGRT,Isi kode_customer_budimas dari master customer Budimas
C01501831,,,SIC0152605-00782,0549SRGRT,Isi kode_customer_budimas dari master customer Budimas
C01501900,,,SIC0152605-00786,2871SLURT,Isi kode_customer_budimas dari master customer Budimas
C01501917,,,SIC0152605-00774,3416SRGRT,Isi kode_customer_budimas dari master customer Budimas
C01502045,,,SIC0152605-00789,4071KTSRT,Isi kode_customer_budimas dari master customer Budimas
C01502254,,,SIC0152605-00781,9851SRGRT,Isi kode_customer_budimas dari master customer Budimas
C01502403,,,SIC0152605-00797,0570SLSSW,Isi kode_customer_budimas dari master customer Budimas
C01502429,,,SIC0152605-00787,5773SLSRT,Isi kode_customer_budimas dari master customer Budimas
C01502748,,,SIC0152605-00783,5041SRGRT,Isi kode_customer_budimas dari master customer Budimas
C01502849,,,SIC0152605-00780,1176SRGSW,Isi kode_customer_budimas dari master customer Budimas
C01502850,,,SIC0152605-00775,5130SRGRT,Isi kode_customer_budimas dari master customer Budimas
C01502861,,,SIC0152605-00788,1452SLURT,Isi kode_customer_budimas dari master customer Budimas
C01502876,,,SIC0152605-00777,5132SRGRT,Isi kode_customer_budimas dari master customer Budimas
