id,nama
105,HORUS BRAND 2
106,PT.BRANDS KONNECT INTER
2,EVEREADY
3,MAMASUKA
4,MIWON
5,TEH CAP BOTOL
6,SOSRO
7,POCI
8,TROPICANA
9,HILO
10,LOKALATE
11,NUTRISARI
12,AUTOSOL
13,BIOSOL
14,CARRERA
15,FOGO
16,GAS WONDERFUEL
17,HIT
18,KLINPAK
19,LEM LALAT
20,LEM TIKUS
21,MITU
22,NYU
23,POLYTEX
24,PROCLIN
25,SANITER
26,SHOCK ANTI SUMBAT
27,STELLA
28,SUSEMI
29,WETTIES
30,MR.P
31,BELLA
32,CHO CHO
33,UNION FOOD
34,MARSHMALLOW
35,BELLAGIO
36,CAMELLIA
37,CASABLANCA
38,EXCELLO
39,MARIE JOSE
40,REGAZZA
41,WATCHOUT
42,HANSAPLAST
43,NIVEA
44,SEAGULL
45,KIRIKO
46,DAHLIA
47,ENERVON C
48,NATUR E
49,ALLIGATOR
50,FABER-CASTELL
51,POPOKU
52,ARIELA
53,BLACKROLLON
54,VIVELLE
55,WESLEY
56,UHT
57,FRESH NON PPN
58,BARICHO
59,DOLLARS
60,FRUTZ GUMMY
61,KITILOLY
62,MILKY CANDY
63,MIMI CHOCO
64,SWIS ROLL
65,YURO COIN
66,MINI SWIT
67,KREYEZ
68,ENTRASOL
69,HYDROCOCO
70,ZEE
71,UNIFAM
72,LEMONILO
73,KIKO
74,KATAOMA
75,BISKUAT
76,CADBURY
77,KRAFT
78,OREO
79,RITZ
80,TOBLERONE
81,APILO
82,DELUX
83,HATARI
84,NUNO
85,OLEOLE
86,INACO
87,BIBIE
1,ENERGIZER
88,ascasc
89,VICEE
90,SUPERTIN
91,MINIEPUFF
92,im coco
93,TEST HORUS BRAND
94,SEOJIN
95,BABY WASH
96,BABY LOTION
97,BABY CREAM
98,BABY COLOGNE
99,BABY OIL
101,aaaa
104,HORUS BRAND 1
