"kode_customer","kode_principal","kode_sales","limit_bon","term","lock_order","kode_area","nama_area"
"0012BYLSM","ET","017","220000000","45","X","BYL","Boyolali"
"0038KLTRT","ET","017","1600000","25","X","KLT","Klaten"
"0053SLSWS","ET","017","1.25","25","X","SLS","Solo Selatan"
"0193SRGRT","ET","017","45000000","24","X","SRG","Sragen"
"0703SLSRT","MFB","017","1000000","25","X","SLS","Solo Selatan"
"0908KTSMT","ET","017","5000000","25","X","KTS","Kartosuro"
"1034SLSSW","ET","017","2500000","10","X","SLS","Solo Selatan"
"2117SRGRT","ET","017","40000000","24","X","SRG","Sragen"
"2172KLTRT","ET","017","900000","25","X","KLT","Klaten"
"2479SKHRT","ET","017","3000000","45","","SKH","Sukoharjo"
"2535SLSRT","ET","017","1000000","24","X","SLS","Solo Selatan"
"2979SRGRT","ET","017","49000000","24","X","SRG","Sragen"
"2996KLTRT","ET","017","1800000","25","X","KLT","Klaten"
"3173SLURT","68","017","500000","10","X","SLU","Solo Utara"
"3288KRASM","ET","017","31000000","30","X","KRA","Karanganyar"
"4165SLSRT","ET","017","2500000","25","X","SLS","Solo Selatan"
"4199SKHRT","ET","017","10500000","25","X","SKH","Sukoharjo"
"5164SLURT","ET","017","5300000","10","x","SLU","Solo Utara"
"7888SKHRT","ET","017","1000000","25","X","SKH","Sukoharjo"
