"kode","nama","alamat","telepon","npwp","pic","active"
"42","X","","","","","1"
"60","PT.NUTRIFOOD INDONESIA","","","","","1"
"60A","NFI GIMMICK","","","","","1"
"63","PT GODREJ INDONESIA","SECURE BUILDING A,2ND&3RD FLOOR, JL. RAYA PROTOCOL","02129373800","","","1"
"BK","PT.BRANDS KONNECT INTERN","","","","","1"
"ET","ENERGIZER","","","","","1"
"M3","MIX 3","PT GUNUNG SLAMAT, SAMBEL ULEG","","","WATIK","1"
"M6","MIX 6","PT.PRISKILA PRIMA MAKMUR (CASABLANCA)","","","","1"
"MFB","Mix Food Budimas","food","","","","1"
