"TableName","DateColumn","RowsInRange","MinDate","MaxDate","EstimatedTotalRows"
"dbo.StokOpnameAndroid","TanggalInput","1119015","2026-01-02","2026-06-02","14340584"
"dbo.DJualSM","Tanggal","383041","2026-01-02 00:00:00.000","2026-06-02 00:00:00.000","5351348"
"dbo.ORDER_VDIST","IV_DATE","237523","2026-01-02","2026-06-02","1753716"
"dbo.DJualSMAndroid","Tanggal","160304","2026-01-02 08:12:08.607","2026-06-02 21:14:09.480","3660400"
"dbo.KunjunganSales","Tanggal","57822","2026-01-02 07:41:45.753","2026-06-02 20:38:26.637","872429"
"dbo.LogUser","Tanggal","49435","2026-01-02 10:48:35.350","2026-06-02 21:24:38.140","109367"
"dbo.DTAGTO","Tanggal","47088","2026-01-02 00:00:00.000","2026-06-02 00:00:00.000","1074068"
"dbo.DBayarSM","Tanggal","46882","2026-01-02 00:00:00.000","2026-06-02 00:00:00.000","864542"
"dbo.DDraftNota","Tanggal","41764","2026-01-02 00:00:00.000","2026-06-02 00:00:00.000","557766"
"dbo.HJualSM","Tanggal","41279","2026-01-02 00:00:00.000","2026-06-02 00:00:00.000","620563"
"dbo.RealisasiTO","Tanggal","40063","2026-01-02 00:00:00.000","2026-06-02 00:00:00.000","868187"
"dbo.HJualSMAndroid","Tanggal","25515","2026-01-02 08:11:37.000","2026-06-02 21:11:46.000","469967"
"dbo.KunjunganFailed","Tanggal","21975","2026-01-02 08:02:38.507","2026-06-02 17:45:29.603","157644"
"dbo.Pembayaran","Tanggal","15455","2026-01-02","2026-06-02","237918"
"dbo.HBayarSM","Tanggal","14654","2026-01-02 00:00:00.000","2026-06-02 00:00:00.000","234469"
"dbo.DReturSMAndroid","Tanggal","12385","2026-01-02 08:45:44.217","2026-06-02 17:46:26.840","40021"
"dbo.DReturSM","Tanggal","12034","2026-01-02 00:00:00.000","2026-06-02 00:00:00.000","257619"
"dbo.HDraft","Tanggal","8854","2026-01-02 00:00:00.000","2026-06-02 00:00:00.000","112139"
"dbo.HTAGTO","Tanggal","7913","2026-01-02 00:00:00.000","2026-06-02 00:00:00.000","161692"
"dbo.DPembelian","Tanggal","7185","2026-01-02 00:00:00.000","2026-06-02 00:00:00.000","159408"
"dbo.Plafon","TglAdd","7175","2026-01-02 13:21:23.570","2026-06-02 20:39:35.587","17640"
"dbo.HReturSM","Tanggal","5464","2026-01-02 00:00:00.000","2026-06-02 00:00:00.000","61430"
"dbo.HReturSMAndroid","Tanggal","5447","2026-01-02 08:43:14.000","2026-06-02 17:45:45.000","18482"
"dbo.Plafon_Backup","TglBackup","5403","2026-05-01 08:47:45.197","2026-05-01 08:47:45.197","5403"
"dbo.DGK","Tanggal","4634","2026-01-02 00:00:00.000","2026-06-02 00:00:00.000","77611"
"dbo.DKG","Tanggal","4579","2026-01-02 00:00:00.000","2026-06-02 00:00:00.000","31888"
"dbo.InputSetoran","Tanggal","3790","2026-01-02 00:00:00.000","2026-06-02 00:00:00.000","91674"
"dbo.ZPiutangSM","Tanggal","3430","2026-03-03 00:00:00.000","2026-06-02 00:00:00.000","3460"
"dbo.HargaLog","TanggalUpdate","3426","2026-01-01 11:56:29.107","2026-06-02 15:12:41.053","17244"
"dbo.DReturBeli","Tanggal","2696","2026-01-10 00:00:00.000","2026-06-01 00:00:00.000","57133"
"dbo.DAdjGudang","Tanggal","2330","2026-01-02 00:00:00.000","2026-06-02 00:00:00.000","43199"
"dbo.HKG","Tanggal","1856","2026-01-02 00:00:00.000","2026-06-02 00:00:00.000","8533"
"dbo.DJualKanvas","Tanggal","1017","2026-01-02 00:00:00.000","2026-06-02 00:00:00.000","109142"
"dbo.HPembelian","Tanggal","791","2026-01-02 00:00:00.000","2026-06-02 00:00:00.000","12043"
"dbo.HGK","Tanggal","664","2026-01-02 00:00:00.000","2026-06-02 00:00:00.000","12506"
"dbo.ZDReturBeli","Tanggal","664","2026-01-21 00:00:00.000","2026-05-12 00:00:00.000","90817"
"dbo.DMutasiInt","Tanggal","510","2026-01-07 00:00:00.000","2026-06-02 00:00:00.000","37606"
"dbo.DDraftNotaGK","Tanggal","468","2026-01-02 00:00:00.000","2026-06-02 00:00:00.000","3236"
"dbo.ZDBayarSM","Tanggal","431","2026-06-02 00:00:00.000","2026-06-02 00:00:00.000","431"
"dbo.HJualKanvas","Tanggal","320","2026-01-02 00:00:00.000","2026-06-02 00:00:00.000","59834"
"dbo.AnalisaSupervisor","Tanggal","303","2026-02-18","2026-02-23","57034"
"dbo.STOK","TglAdd","256","2026-01-02 17:46:16.820","2026-06-02 15:12:38.650","11684"
"dbo.WMSKartuStok","Tanggal","243","2026-01-16","2026-02-13","243"
"dbo.Customer","TanggalCatat","230","2026-01-02 00:00:00.000","2026-06-02 00:00:00.000","25438"
"dbo.HDraftGK","Tanggal","213","2026-01-02 00:00:00.000","2026-06-02 00:00:00.000","2197"
"dbo.HAdjGudang","Tanggal","192","2026-01-02 00:00:00.000","2026-06-02 00:00:00.000","4009"
"dbo.HReturBeli","Tanggal","101","2026-01-10 00:00:00.000","2026-06-01 00:00:00.000","1701"
"dbo.ZJualDetail","Tanggal","47","2026-01-02 00:00:00.000","2026-05-29 00:00:00.000","47"
"dbo.ZHBayarSM","Tanggal","38","2026-06-02 20:15:42.047","2026-06-02 20:30:50.030","38"
"dbo.HMutasiInt","Tanggal","26","2026-01-07 00:00:00.000","2026-06-02 00:00:00.000","5284"
"dbo.RegistrasiCustomer","CreatedDate","24","2026-01-16 10:11:53.633","2026-06-02 13:31:40.093","19278"
"dbo.DManifest","WaktuUpdate","24","2026-02-20 13:37:57.460","2026-02-20 13:37:57.710","24"
"dbo.ZHJualSM","Tanggal","18","2026-05-29 00:00:00.000","2026-06-02 00:00:00.000","5"
"dbo.Klaim","Tanggal","17","2026-01-06 00:00:00.000","2026-01-06 00:00:00.000","4005"
"dbo.KlaimReal","Tanggal","17","2026-01-15 00:00:00.000","2026-01-15 00:00:00.000","3787"
"dbo.ZKlaimReal","Tanggal","17","2026-01-06 00:00:00.000","2026-01-06 00:00:00.000","23326"
"dbo.HManifest","TanggalKirim","13","2026-02-20 13:37:57.497","2026-02-20 13:37:57.710","13"
"dbo.PicKiriman","CreatedAt","5","2026-02-18 03:23:29.543","2026-02-19 08:49:12.671","5"
"dbo.Sales","TglAdd","4","2026-01-08 17:33:50.627","2026-05-11 17:47:25.263","187"
"dbo.BarangBrand","TglAdd","2","2026-04-30 18:20:38.933","2026-05-02 12:15:38.833","134"
"dbo.ZTagTO","Tanggal","2","2026-06-02 00:00:00.000","2026-06-02 00:00:00.000","2"
"dbo.HStokKanvas","TglAdd","2","2026-01-09 09:00:26.813","2026-01-09 11:38:17.223","148"
"dbo.Kendaraan","created_at","2","2026-02-11 04:56:30.754","2026-02-11 06:17:22.136","2"
"dbo.BarangSubBrand","TglAdd","1","2026-01-06 17:16:34.570","2026-01-06 17:16:34.570","891"
