id,id_brand,kode,nama,keterangan,is_active,created_at,updated_at
1,,BITES_GT,Bites GT,Seed dari trade promo program,t,2026-05-17 13:46:32.118283,2026-05-17 13:46:32.118283
2,,FRIO,Frio,Seed dari trade promo program,t,2026-05-17 13:46:32.118283,2026-05-17 13:46:32.118283
3,,FRIO_ALL,Frio All,Seed dari trade promo program,t,2026-05-17 13:46:32.118283,2026-05-17 13:46:32.118283
4,,HARDLOLLY_EXCL_FRIO,Hardlolly / Excl Frio,Seed dari trade promo program,t,2026-05-17 13:46:32.118283,2026-05-17 13:46:32.118283
5,,MILKITA_BITE_GT,Milkita Bite GT,Seed dari trade promo program,t,2026-05-17 13:46:32.118283,2026-05-17 13:46:32.118283
6,,MILKITA_PASTA_MILKITA_CANDY_BAG_MILKITA_CANDY_RCG,Milkita Pasta / Milkita Candy Bag / Milkita Candy Rcg,Seed dari trade promo program,t,2026-05-17 13:46:32.118283,2026-05-17 13:46:32.118283
7,,MKL_HANGER_MKL_JAR_MKL_REFILL,MKL Hanger / MKL Jar / MKL Refill,Seed dari trade promo program,t,2026-05-17 13:46:32.118283,2026-05-17 13:46:32.118283
8,48,NATUR_E_100,NATUR-E 100,Seed dari trade promo program,t,2026-05-17 13:46:32.118283,2026-05-17 13:46:32.118283
9,48,NATUR_E_300,NATUR-E 300,Seed dari trade promo program,t,2026-05-17 13:46:32.118283,2026-05-17 13:46:32.118283
10,48,NATUR_E_ADVANCE,NATUR-E ADVANCE,Seed dari trade promo program,t,2026-05-17 13:46:32.118283,2026-05-17 13:46:32.118283
11,48,NATUR_E_CG,NATUR-E CG,Seed dari trade promo program,t,2026-05-17 13:46:32.118283,2026-05-17 13:46:32.118283
12,48,NATUR_E_HG,NATUR-E HG,Seed dari trade promo program,t,2026-05-17 13:46:32.118283,2026-05-17 13:46:32.118283
13,48,NATUR_E_WHITE,Natur-E White,Seed dari trade promo program,t,2026-05-17 13:46:32.118283,2026-05-17 13:46:32.118283
14,,PINO,Pino,Seed dari trade promo program,t,2026-05-17 13:46:32.118283,2026-05-17 13:46:32.118283
15,,PINO_GT_ALL,Pino GT All,Seed dari trade promo program,t,2026-05-17 13:46:32.118283,2026-05-17 13:46:32.118283
16,,SUPER_ZUPER,Super / Zuper,Seed dari trade promo program,t,2026-05-17 13:46:32.118283,2026-05-17 13:46:32.118283
17,,ZUPER_20X30RCG,Zuper 20x30RCG,Seed dari trade promo program,t,2026-05-17 13:46:32.118283,2026-05-17 13:46:32.118283
18,,ZUPER_20X40_BAG,Zuper 20x40 BAG,Seed dari trade promo program,t,2026-05-17 13:46:32.118283,2026-05-17 13:46:32.118283
19,,ZUPER_JAR_100PC,Zuper Jar 100PC,Seed dari trade promo program,t,2026-05-17 13:46:32.118283,2026-05-17 13:46:32.118283
