id,id_sales,id_principal
669,230,25
670,230,10
671,230,13
672,230,43
673,230,63
674,230,68
675,230,74
683,221,25
684,221,10
685,221,13
686,221,43
687,221,63
688,221,68
632,225,25
633,225,10
634,225,13
635,225,43
636,225,63
637,225,68
638,225,74
639,228,25
640,228,10
641,228,13
642,228,43
643,228,63
644,228,68
652,223,25
653,223,10
654,223,13
655,223,63
656,223,68
689,221,74
690,15,4
691,15,5
692,220,74
693,220,68
694,220,63
695,220,43
696,220,13
697,220,10
698,220,25
661,219,25
662,219,13
663,219,63
664,219,68
699,232,27
700,232,22
701,232,4
1206,234,81
1207,237,82
1208,238,82
1209,239,82
1210,240,82
1211,241,80
1212,242,82
1213,243,82
1214,244,82
1215,245,82
1216,246,82
1217,247,82
829,233,5
1218,248,81
1219,249,80
1220,250,82
1221,251,81
1222,252,82
1223,253,81
1224,254,81
1225,255,9
1226,256,82
1227,258,81
1228,259,82
1229,260,82
1230,262,82
1231,263,82
1232,264,9
1233,265,9
1234,266,9
1235,267,9
1236,268,9
1237,269,80
1238,270,80
1239,271,9
1240,272,80
1241,273,82
1242,275,9
1243,276,9
1244,277,9
1245,278,9
1246,279,80
1247,280,9
1248,281,9
1249,282,80
1250,283,80
1251,284,80
1252,285,80
1253,286,9
1254,287,80
1255,288,9
1256,289,80
1257,290,80
1258,291,80
1259,292,9
1260,293,80
1261,294,80
1262,295,9
1263,296,9
1264,297,9
1265,298,9
1266,299,9
1267,300,80
1268,301,9
1269,302,80
1270,303,82
1271,304,5
1272,305,5
1273,306,5
1274,307,5
1275,308,5
1276,309,82
1277,310,81
1278,312,82
1279,313,80
1280,314,6
1281,315,6
1282,316,6
1283,317,6
1284,318,6
1285,319,6
1286,320,6
1287,321,6
1288,322,6
1289,323,6
1290,324,6
1291,325,6
1292,326,6
1293,327,6
1294,328,6
1295,329,6
1296,330,6
1297,331,6
1298,332,6
1299,333,6
1300,234,80
